node_id,x,y,population,flood_risk,is_shelter,shelter_capacity
0,0.3745401188473625,0.9507143064099162,439,0.518,False,0
1,0.7319939418114051,0.5986584841970366,530,0.633,False,0
2,0.15601864044243652,0.15599452033620265,1029,0.636,False,0
3,0.05808361216819946,0.8661761457749352,462,0.007,False,0
4,0.6011150117432088,0.7080725777960455,888,0.735,False,0
5,0.020584494295802447,0.9699098521619943,131,0.007,False,0
6,0.8324426408004217,0.21233911067827616,720,0.121,False,0
7,0.18182496720710062,0.18340450985343382,1324,0.724,False,0
8,0.3042422429595377,0.5247564316322378,640,0.315,False,0
9,0.43194501864211576,0.2912291401980419,723,0.786,False,0
10,0.6118528947223795,0.13949386065204183,491,0.252,False,0
11,0.29214464853521815,0.3663618432936917,987,0.597,False,0
12,0.45606998421703593,0.7851759613930136,1339,0.975,False,0
13,0.19967378215835974,0.5142344384136116,631,0.174,False,0
14,0.5924145688620425,0.046450412719997725,100,0.133,False,0
15,0.6075448519014384,0.17052412368729153,887,0.316,False,0
16,0.06505159298527952,0.9488855372533332,203,0.04,False,0
17,0.9656320330745594,0.8083973481164611,556,0.063,False,0
18,0.3046137691733707,0.09767211400638387,637,0.769,False,0
19,0.6842330265121569,0.4401524937396013,1024,0.979,False,0
20,0.12203823484477883,0.4951769101112702,295,0.07,False,0
21,0.034388521115218396,0.9093204020787821,247,0.027,False,0
22,0.2587799816000169,0.662522284353982,2000,0.313,False,0
23,0.31171107608941095,0.5200680211778108,799,0.308,False,0
24,0.5467102793432796,0.18485445552552704,664,0.45,False,0
25,0.9695846277645586,0.7751328233611146,764,0.054,False,0
26,0.9394989415641891,0.8948273504276488,641,0.037,False,0
27,0.5978999788110851,0.9218742350231168,240,0.471,False,0
28,0.0884925020519195,0.1959828624191452,624,0.341,False,0
29,0.045227288910538066,0.32533033076326434,367,0.186,False,0
30,0.388677289689482,0.2713490317738959,895,0.865,False,0
31,0.8287375091519293,0.3567533266935893,830,0.428,False,0
32,0.28093450968738076,0.5426960831582485,905,0.237,False,0
33,0.14092422497476265,0.8021969807540397,1568,0.116,False,0
34,0.07455064367977082,0.9868869366005173,153,0.026,False,0
35,0.7722447692966574,0.1987156815341724,991,0.228,False,0
36,0.005522117123602399,0.8154614284548342,403,0.0,False,0
37,0.7068573438476171,0.7290071680409873,1113,0.417,False,0
38,0.7712703466859457,0.07404465173409036,327,0.055,False,0
39,0.3584657285442726,0.11586905952512971,733,0.802,False,0
40,0.8631034258755935,0.6232981268275579,402,0.25,False,0
41,0.3308980248526492,0.06355835028602363,356,0.658,False,0
42,0.3109823217156622,0.32518332202674705,1202,0.738,False,0
43,0.7296061783380641,0.6375574713552131,623,0.476,False,0
44,0.8872127425763265,0.4722149251619493,216,0.296,False,0
45,0.1195942459383017,0.713244787222995,1373,0.127,False,0
46,0.7607850486168974,0.5612771975694962,320,0.662,False,0
47,0.770967179954561,0.49379559636439074,400,0.715,False,0
48,0.5227328293819941,0.42754101835854963,489,0.867,False,0
49,0.02541912674409519,0.10789142699330445,160,0.19,False,0
50,0.03142918568673425,0.6364104112637804,386,0.005,False,0
51,0.3143559810763267,0.5085706911647028,711,0.358,False,0
52,0.907566473926093,0.24929222914887494,325,0.164,False,0
53,0.41038292303562973,0.7555511385430487,1984,0.889,False,0
54,0.22879816549162246,0.07697990982879299,760,0.676,False,0
55,0.289751452913768,0.16122128725400442,1405,0.905,False,0
56,0.9296976523425731,0.808120379564417,897,0.064,False,0
57,0.6334037565104235,0.8714605901877177,740,0.421,False,0
58,0.8036720768991145,0.18657005888603584,857,0.173,False,0
59,0.8925589984899778,0.5393422419156507,102,0.233,False,0
60,0.8074401551640625,0.8960912999234932,1370,0.031,False,0
61,0.3180034749718639,0.11005192452767676,902,0.806,False,0
62,0.22793516254194168,0.4271077886262563,601,0.387,False,0
63,0.8180147659224931,0.8607305832563434,1494,0.054,False,0
64,0.006952130531190703,0.5107473025775657,173,0.0,False,0
65,0.417411003148779,0.22210781047073025,775,0.818,False,0
66,0.1198653673336828,0.33761517140362796,815,0.341,False,0
67,0.9429097039125192,0.32320293202075523,255,0.142,False,0
68,0.5187906217433661,0.7030189588951778,1268,0.926,False,0
69,0.363629602379294,0.9717820827209607,155,0.449,False,0
70,0.9624472949421112,0.25178229582536416,235,0.118,False,0
71,0.49724850589238545,0.30087830981676966,727,0.751,False,0
72,0.2848404943774676,0.036886947354532795,338,0.541,False,0
73,0.6095643339798968,0.5026790232288615,449,0.929,False,0
74,0.05147875124998935,0.27864646423661144,323,0.237,False,0
75,0.9082658859666537,0.23956189066697242,392,0.095,False,0
76,0.1448948720912231,0.489452760277563,406,0.169,False,0
77,0.9856504541106007,0.2420552715115004,100,0.056,False,0
78,0.6721355474058786,0.7616196153287176,1181,0.446,False,0
79,0.23763754399239967,0.7282163486118596,2000,0.363,False,0
80,0.3677831327192532,0.6323058305935795,1953,0.614,False,0
81,0.6335297107608947,0.5357746840747585,310,0.981,False,0
82,0.0902897700544083,0.835302495589238,952,0.097,False,0
83,0.32078006497173583,0.18651851039985423,1309,0.97,False,0
84,0.040775141554763916,0.5908929431882418,348,0.027,False,0
85,0.6775643618422824,0.016587828927856152,100,0.062,False,0
86,0.512093058299281,0.22649577519793795,590,0.66,False,0
87,0.6451727904094499,0.17436642900499144,1010,0.259,False,0
88,0.690937738102466,0.3867353463005374,1354,0.855,False,0
89,0.9367299887367345,0.13752094414599325,100,0.002,False,0
90,0.3410663510502585,0.11347352124058907,852,0.804,False,0
91,0.9246936182785628,0.877339353380981,962,0.051,False,0
92,0.2579416277151556,0.659984046034179,1955,0.323,False,0
93,0.8172222002012158,0.5552008115994623,396,0.382,False,0
94,0.5296505783560065,0.24185229090045168,663,0.61,False,0
95,0.09310276780589921,0.8972157579533268,609,0.089,False,0
96,0.9004180571633305,0.6331014572732679,515,0.166,False,0
97,0.3390297910487007,0.3492095746126609,995,0.725,False,0
98,0.7259556788702394,0.8971102599525771,1021,0.181,False,0
99,0.8870864242651173,0.7798755458576239,1309,0.018,False,0
100,0.6420316461542878,0.08413996499504883,247,0.154,False,0
101,0.16162871409461377,0.8985541885270792,791,0.125,False,0
102,0.6064290596595899,0.009197051616629648,100,0.156,False,0
103,0.1014715428660321,0.6635017691080558,1013,0.083,False,0
104,0.005061583846218687,0.16080805141749865,224,0.145,False,0
105,0.5487337893665861,0.6918951976926933,1113,0.838,False,0
106,0.6519612595026005,0.22426930946055978,1321,0.422,False,0
107,0.7121792213475359,0.23724908749680007,1582,0.38,False,0
108,0.3253996981592677,0.7464914051180241,2000,0.706,False,0
109,0.6496328990472147,0.8492234104941779,889,0.453,False,0
110,0.6576128923003434,0.5683086033354716,381,0.83,False,0
111,0.09367476782809248,0.3677158030594335,544,0.292,False,0
112,0.26520236768172545,0.24398964337908358,1825,0.899,False,0
113,0.9730105547524456,0.3930977246667604,100,0.135,False,0
114,0.8920465551771133,0.6311386259972629,579,0.147,False,0
115,0.7948113035416484,0.5026370931051921,473,0.612,False,0
116,0.5769038846263591,0.4925176938188639,387,0.964,False,0
117,0.1952429877980445,0.7224521152615053,2000,0.181,False,0
118,0.2807723624408558,0.02431596643145384,352,0.566,False,0
119,0.6454722959071678,0.17711067940704894,950,0.344,False,0
120,0.9404585843529143,0.9539285770025874,484,0.0,False,0
121,0.9148643902204485,0.3701587002554444,496,0.174,False,0
122,0.015456616528867428,0.9283185625877254,121,0.025,False,0
123,0.42818414831731433,0.9666548190436696,101,0.539,False,0
124,0.9636199770892528,0.8530094554673601,668,0.019,False,0
125,0.2944488920695857,0.38509772860192526,1006,0.573,False,0
126,0.8511366715168569,0.31692200515627766,788,0.314,False,0
127,0.1694927466860925,0.5568012624583502,787,0.168,False,0
128,0.936154774160781,0.696029796674973,543,0.08,False,0
129,0.570061170089365,0.09717649377076854,318,0.221,False,0
130,0.6150072266991697,0.9900538501042633,128,0.312,False,0
131,0.14008401523652403,0.5183296523637367,535,0.16,False,0
132,0.8773730719279554,0.7407686177542044,1455,0.182,False,0
133,0.697015740995268,0.7024840839871093,924,0.456,False,0
134,0.35949115121975517,0.29359184426449336,1105,0.854,False,0
135,0.8093611554785136,0.8101133946791808,1860,0.055,False,0
136,0.8670723185801037,0.9132405525564713,955,0.044,False,0
137,0.5113423988609378,0.5015162946871996,452,0.807,False,0
138,0.7982951789667752,0.6499639307777652,850,0.389,False,0
139,0.7019668772577033,0.795792669436101,1190,0.329,False,0
140,0.8900053418175663,0.3379951568515358,488,0.185,False,0
141,0.375582952639944,0.093981939840869,402,0.67,False,0
142,0.578280140996174,0.035942273796742086,100,0.089,False,0
143,0.46559801813246016,0.5426446347075766,863,0.735,False,0
144,0.2865412521282844,0.5908332605690108,1267,0.266,False,0
145,0.03050024993904943,0.03734818874921442,135,0.133,False,0
146,0.8226005606596583,0.3601906414112629,921,0.384,False,0
147,0.12706051265188478,0.5222432600548044,351,0.087,False,0
148,0.7699935530986108,0.21582102749684318,1250,0.3,False,0
149,0.6228904758190003,0.085347464993768,328,0.171,False,0
150,0.0516817211686077,0.531354631568148,244,0.015,False,0
151,0.5406351216101065,0.6374299014982066,973,0.849,False,0
152,0.7260913337226615,0.9758520794625346,485,0.117,False,0
153,0.5163003483011953,0.32295647294124596,634,0.779,False,0
154,0.7951861947687037,0.2708322512620742,1189,0.294,False,0
155,0.4389714207056361,0.07845638134226596,152,0.52,False,0
156,0.02535074341545751,0.9626484146779251,367,0.0,False,0
157,0.8359801205122058,0.695974206093698,1287,0.165,False,0
158,0.4089529444142699,0.17329432007084578,556,0.779,False,0
159,0.15643704267108605,0.25024289816459533,1222,0.614,False,0
160,0.5492266647061205,0.7145959227000623,1047,0.861,False,0
161,0.6601973767177313,0.27993389694594284,1729,0.551,False,0
162,0.9548652806631941,0.7378969166957685,728,0.004,False,0
163,0.5543540525114007,0.6117207462343522,686,0.857,False,0
164,0.4196000624277899,0.24773098950115746,761,0.82,False,0
165,0.3559726786512616,0.7578461104643691,2000,0.766,False,0
166,0.014393488629755868,0.11607264050691624,147,0.148,False,0
167,0.04600264202175275,0.040728802318970136,100,0.179,False,0
168,0.8554605840110072,0.7036578593800237,1157,0.13,False,0
169,0.4741738290873252,0.09783416065100148,146,0.46,False,0
170,0.49161587511683236,0.4734717707805657,430,0.845,False,0
171,0.17320186991001518,0.43385164923797304,772,0.215,False,0
172,0.39850473439737344,0.6158500980522165,1694,0.583,False,0
173,0.6350936508676438,0.04530400977204452,140,0.124,False,0
174,0.3746126146264712,0.6258599157142364,1903,0.578,False,0
175,0.5031362585800877,0.8564898411883223,695,0.841,False,0
176,0.658693631618945,0.1629344270814297,921,0.234,False,0
177,0.07056874740042984,0.6424192782063156,761,0.032,False,0
178,0.026511310541621813,0.5857755812734633,428,0.069,False,0
179,0.9402302414249576,0.575474177875879,100,0.157,False,0
180,0.3881699262065219,0.6432882184423532,2000,0.693,False,0
181,0.45825289049151663,0.5456167893159349,718,0.653,False,0
182,0.9414648087765252,0.38610263780077425,230,0.127,False,0
183,0.9611905638239142,0.9053506419560637,423,0.0,False,0
184,0.19579113478929644,0.06936130087516545,490,0.514,False,0
185,0.10077800137742665,0.018221825651549728,105,0.251,False,0
186,0.0944429607559284,0.6830067734163568,1194,0.078,False,0
187,0.07118864846022899,0.3189756302937613,578,0.247,False,0
188,0.8448753109694546,0.023271935735825866,100,0.011,False,0
189,0.8144684825889358,0.28185477477339993,1133,0.298,False,0
190,0.11816482762165625,0.6967371653641506,1351,0.097,False,0
191,0.628942846779884,0.877472013527053,527,0.49,False,0
192,0.7350710438038858,0.8034809303848486,1562,0.21,False,0
193,0.2820345725713065,0.17743954377972282,1424,0.939,False,0
194,0.7506147516408583,0.806834739267264,1862,0.248,False,0
195,0.9905051420006733,0.4126176769114265,100,0.079,False,0
196,0.37201808579278317,0.7764129607419968,1952,0.864,False,0
197,0.34080354025301784,0.9307573256035647,497,0.612,False,0
198,0.8584127518430118,0.42899402737501835,517,0.393,False,0
199,0.7508710677914974,0.7545428740846823,1731,0.287,False,0
200,0.10312386883593261,0.9025529066795667,472,0.048,False,0
201,0.5052523724478571,0.8264574661077416,696,0.908,False,0
202,0.32004960103061175,0.8955232284962005,1055,0.574,False,0
203,0.3892016787341631,0.01083765148029836,160,0.406,False,0
204,0.9053819764192637,0.09128667678613356,100,0.0,False,0
205,0.31931363759041487,0.9500619670508049,480,0.434,False,0
206,0.9506071469375561,0.5734378881232861,100,0.162,False,0
207,0.6318372121697993,0.44844552197831977,756,1.0,False,0
208,0.29321077169806453,0.32866454536991596,1405,0.766,False,0
209,0.6725184560770384,0.75237452943768,1146,0.484,False,0
210,0.7915790437258485,0.7896181427945539,1714,0.181,False,0
211,0.09120610304869037,0.49442030470258147,239,0.093,False,0
212,0.057558760016644284,0.5495288823237355,182,0.01,False,0
213,0.441530501373377,0.8877041827582998,658,0.817,False,0
214,0.3509150125520787,0.11706701642760586,620,0.761,False,0
215,0.14299168205283586,0.7615106317174722,1727,0.124,False,0
216,0.6182180633162611,0.10112267612279024,289,0.194,False,0
217,0.08410680611499743,0.70096913145912,1147,0.066,False,0
218,0.07276300636419353,0.8218600592903562,952,0.019,False,0
219,0.7062422271564962,0.08134878064189976,323,0.119,False,0
220,0.08483771408519192,0.9866395785011755,168,0.05,False,0
221,0.3742707957561203,0.3706421470668909,602,0.659,False,0
222,0.8127995672575026,0.9472485773838587,819,0.002,False,0
223,0.9860010638228709,0.7533781852589416,498,0.013,False,0
224,0.37625958553091576,0.08350071669866876,614,0.638,False,0
225,0.7771469159274368,0.558404249735805,294,0.579,False,0
226,0.4242220092469763,0.906354385094736,662,0.73,False,0
227,0.11119748230615134,0.49262510429085915,358,0.043,False,0
228,0.011353644767419069,0.46866064199412627,104,0.033,False,0
229,0.05630327568183735,0.11881791626807192,409,0.245,False,0
230,0.11752624677710488,0.6492103021160636,1135,0.097,False,0
231,0.7460448792654233,0.5833687650971596,470,0.595,False,0
232,0.9621725484745419,0.37487057952370406,133,0.172,False,0
233,0.28571208628186073,0.8685991281894603,1380,0.444,False,0
234,0.22359583851945264,0.9632225394406113,506,0.24,False,0
235,0.012154474689816341,0.969878826707639,100,0.003,False,0
236,0.04315991195057611,0.8911431136980711,284,0.055,False,0
237,0.5277011090862999,0.9929647961193003,100,0.402,False,0
238,0.07379656473539886,0.5538542844013208,254,0.081,False,0
239,0.969302535619099,0.5230978441701488,100,0.102,False,0
240,0.6293986381352625,0.6957486889846172,846,0.651,False,0
241,0.45454106476777323,0.6275580800840634,1447,0.816,False,0
242,0.5843143119231002,0.901158010490989,388,0.546,False,0
243,0.04544638034145787,0.2809631895922303,412,0.236,False,0
244,0.9504114840765587,0.8902637838909163,686,0.044,False,0
245,0.45565675278571294,0.6201325978015367,1238,0.733,False,0
246,0.2773811829811327,0.1881211597237613,1489,0.952,False,0
247,0.46369840493998216,0.3533522280260528,530,0.741,False,0
248,0.5836561118508721,0.07773463696498484,311,0.195,False,0
249,0.9743948076661665,0.9862107444796029,148,0.002,False,0
250,0.6981617140197451,0.5360963663441204,254,0.799,False,0
251,0.30952761628632774,0.8137950197069487,1944,0.613,False,0
252,0.6847311725538793,0.1626169393448913,878,0.27,False,0
253,0.9109271844938425,0.822537242923169,1058,0.055,False,0
254,0.949799913291924,0.72571950838836,632,0.038,False,0
255,0.6134151959357899,0.4182430362906189,872,0.981,False,0
256,0.9327284833540133,0.8660638895004084,790,0.004,False,0
257,0.04521867010618941,0.026366974497252005,100,0.184,False,0
258,0.3764633668780496,0.8105533307818329,1767,0.846,False,0
259,0.9872761293149445,0.15041689110352818,149,0.022,False,0
260,0.5941307153521351,0.3808908566310215,1055,0.941,False,0
261,0.9699143978146032,0.8421189231357087,530,0.0,False,0
262,0.8383287047111379,0.4686931597949703,366,0.514,False,0
263,0.4148195023376652,0.27340707193070624,794,0.776,False,0
264,0.056375496650927115,0.8647223762550532,616,0.088,False,0
265,0.8129010091300776,0.9997176732861306,501,0.02,False,0
266,0.9966368370739054,0.5554317056026274,100,0.063,False,0
267,0.7689874151805105,0.944765729882428,849,0.031,False,0
268,0.8496473906774115,0.24734810174319766,787,0.178,False,0
269,0.4505441353100935,0.12915941515149498,460,0.566,False,0
270,0.9540510272587224,0.60617463445088,278,0.077,False,0
271,0.22864280550346272,0.6717006844058567,2000,0.275,False,0
272,0.6181282404578958,0.3581627180328405,1292,0.892,False,0
273,0.11355759219962902,0.6715731955927996,1337,0.085,False,0
274,0.5203077009037933,0.7723183917356393,1107,0.929,False,0
275,0.5201635011119934,0.8521815003185401,562,0.796,False,0
276,0.5519068387744855,0.5609379715353863,642,0.848,False,0
277,0.876653602658345,0.40348286621239704,482,0.381,False,0
278,0.13401522845064073,0.028782676313338973,170,0.282,False,0
279,0.755137255673619,0.6203095513534647,572,0.554,False,0
280,0.7040797680992236,0.21296416150891073,1407,0.322,False,0
281,0.13637147558676976,0.014544665667881929,204,0.28,False,0
282,0.350587558806597,0.5899176868546331,1462,0.51,False,0
283,0.3922440450997323,0.43747492202372906,503,0.619,False,0
284,0.9041586944937484,0.34825546702330035,527,0.21,False,0
285,0.5139894891598108,0.7836530127411431,1145,0.916,False,0
286,0.39654278232127016,0.6220867002278735,1750,0.644,False,0
287,0.8623637087467452,0.9495206236576421,799,0.032,False,0
288,0.14707348092903794,0.9265876251614944,503,0.138,False,0
289,0.4921162930795382,0.25824438829895835,645,0.704,False,0
290,0.4591357562382613,0.980032575285477,287,0.512,False,0
291,0.4926180939928696,0.3287516102875082,574,0.816,False,0
292,0.6334008543167258,0.24014561877819307,1305,0.505,False,0
293,0.07586332810866392,0.12887972191064923,325,0.323,False,0
294,0.12804583895777244,0.15190269351229435,681,0.453,False,0
295,0.13882717264941014,0.6408747448032146,1137,0.02,False,0
296,0.18188008439914483,0.3456672833238632,1096,0.492,False,0
297,0.8967884099060118,0.47396164026287235,100,0.278,False,0
298,0.6675577385210272,0.17231987120162984,989,0.253,False,0
299,0.19228901880867078,0.04086861626647886,423,0.458,False,0
300,0.16893506307216455,0.2785903390319586,1321,0.593,False,0
301,0.17701048427674682,0.08870253375705561,727,0.577,False,0
302,0.12063587110060081,0.46077876803272577,351,0.147,False,0
303,0.2063337184057925,0.36426986104807546,1173,0.463,False,0
304,0.5034172708548569,0.6903948286293653,1308,0.926,False,0
305,0.039312139841098936,0.7994103989090426,756,0.026,False,0
306,0.6279003894909078,0.08175903194887191,204,0.165,False,0
307,0.8735786241067772,0.9208724005318132,969,0.009,False,0
308,0.06107795985486375,0.2768776481472037,522,0.251,False,0
309,0.8062012797930613,0.7482596903836584,1688,0.176,False,0
310,0.18452101935637732,0.2093493233367103,1370,0.719,False,0
311,0.370472102791382,0.4845229851910213,507,0.502,False,0
312,0.618254771530296,0.3689136395697724,1276,0.881,False,0
313,0.4625347161331479,0.7474709381337565,1573,0.907,False,0
314,0.0366832028905979,0.25243694434402075,407,0.213,False,0
315,0.7133495858845524,0.8952068376871993,919,0.241,False,0
316,0.5116774421156661,0.5321134852653157,618,0.809,False,0
317,0.10717201133977605,0.44741236682345464,196,0.138,False,0
318,0.5326172664550232,0.24247050363472966,763,0.648,False,0
319,0.26924323094938096,0.37728416310462265,1103,0.536,False,0
320,0.02007119777772637,0.3220791655831783,185,0.102,False,0
321,0.21144800699654465,0.32749735217791465,1442,0.595,False,0
322,0.11976213181925122,0.890527280739895,779,0.077,False,0
323,0.5935924535540487,0.6791023191444896,701,0.753,False,0
324,0.7891712386073383,0.4984421989290573,345,0.62,False,0
325,0.08692028808742369,0.5371065418185478,146,0.074,False,0
326,0.5868411180208791,0.74543947418433,872,0.764,False,0
327,0.4316595462296794,0.12758030279556376,267,0.654,False,0
328,0.28377590579872447,0.3630822963986351,1150,0.675,False,0
329,0.6459172413316012,0.5707783046689119,358,0.852,False,0
330,0.35609672589784624,0.9865152487929797,262,0.404,False,0
331,0.6057748193568872,0.23722679173599448,1151,0.5,False,0
332,0.10178247262040374,0.15285913918433203,578,0.387,False,0
333,0.24595772838450813,0.16068137325955567,1423,0.841,False,0
334,0.18656702405130576,0.2850951686938471,1528,0.622,False,0
335,0.17337359529475482,0.8967654246264252,935,0.183,False,0
336,0.08023374566164221,0.5245113895702547,290,0.13,False,0
337,0.4103968269896615,0.9823786169086064,100,0.449,False,0
338,0.11203890216805235,0.39785559904574164,518,0.21,False,0
339,0.9694704332753689,0.8655071258939803,621,0.004,False,0
340,0.8170720709492799,0.25790282704493983,970,0.277,False,0
341,0.17088758739006582,0.668643219924431,1653,0.164,False,0
342,0.9293759891275858,0.5567628930139298,155,0.202,False,0
343,0.5716126894698998,0.2799790936602842,1040,0.593,False,0
344,0.7694929331919369,0.18704374855752337,1004,0.121,False,0
345,0.3236792364042437,0.4254364386164168,768,0.483,False,0
346,0.507610378684455,0.24240973241508024,710,0.69,False,0
347,0.11483682473920354,0.6106200424416326,699,0.022,False,0
348,0.28863055324025577,0.5812382214226123,1314,0.234,False,0
349,0.1543627152742023,0.4811401018548175,489,0.177,False,0
350,0.5325894325515859,0.05182353682242691,139,0.248,False,0
351,0.3366042781939206,0.13441467693897424,966,0.819,False,0
352,0.06337497047276774,0.9899602323899452,290,0.0,False,0
353,0.32235384497472297,0.8098744458546349,1987,0.655,False,0
354,0.25464065476376385,0.6815027222239293,2000,0.362,False,0
355,0.7602278598896866,0.5956387406078443,573,0.528,False,0
356,0.47157618855015837,0.41184091414726853,421,0.765,False,0
357,0.3488682665429953,0.9295291442478258,538,0.463,False,0
358,0.8306194077877291,0.9650269106665126,648,0.007,False,0
359,0.12429722348554473,0.7308674752036443,1706,0.074,False,0
360,0.9383404568210378,0.18123306616566015,100,0.035,False,0
361,0.0664962673667775,0.741120649290059,1125,0.032,False,0
362,0.5744731131799119,0.8418287767582721,651,0.728,False,0
363,0.1397723766262895,0.7952673118598902,1491,0.085,False,0
364,0.20162732004774453,0.1636559428657045,1310,0.754,False,0
365,0.16426579793099294,0.8145747202313821,1487,0.204,False,0
366,0.6651972206962001,0.5230654247691193,476,0.982,False,0
367,0.3588304841235025,0.8772005408131083,1070,0.693,False,0
368,0.3924451074226354,0.8165994394715771,1505,0.895,False,0
369,0.4391349085702184,0.3769444294249076,492,0.67,False,0
370,0.46267978566960644,0.3013778741641421,758,0.692,False,0
371,0.7476093801762511,0.5027203900924792,442,0.788,False,0
372,0.2322126951468173,0.8995745732745685,883,0.302,False,0
373,0.3838912213732114,0.5435528611139886,1063,0.548,False,0
374,0.9064721109645469,0.6242379959139921,583,0.107,False,0
375,0.11689804070836407,0.9398321236134751,420,0.086,False,0
376,0.6277080530714179,0.3349056146570861,1533,0.853,False,0
377,0.13927207266338726,0.794025189270296,1712,0.152,False,0
378,0.6200727559285135,0.5334610919763215,337,0.951,False,0
379,0.8938925830509576,0.7885972112245307,1280,0.049,False,0
380,0.15167487973275118,0.31172206779554823,1229,0.432,False,0
381,0.24848913981446574,0.743946292572677,2000,0.445,False,0
382,0.03353243473577938,0.5698896848713165,287,0.007,False,0
383,0.7624586857406905,0.8767656367617495,1332,0.157,False,0
384,0.34208174871590746,0.8212573046720129,1870,0.697,False,0
385,0.11063173695520723,0.8464522917345182,991,0.057,False,0
386,0.12748866233198242,0.39728729056036727,502,0.294,False,0
387,0.7972953657795536,0.14991742734877378,620,0.099,False,0
388,0.22925139523264149,0.7222525683930663,2000,0.372,False,0
389,0.7200365365460744,0.6411476328852973,745,0.547,False,0
390,0.6939484444671,0.5427244433475962,426,0.785,False,0
391,0.25179905890695276,0.34569599350391944,1364,0.654,False,0
392,0.18159771680142567,0.9084505613336283,823,0.161,False,0
393,0.5833917947661205,0.4008514167636399,877,0.951,False,0
394,0.4620058036441327,0.9472833396118153,100,0.61,False,0
395,0.1533514031160802,0.5862298320167972,798,0.058,False,0
396,0.505888678884466,0.6114542354346478,1028,0.828,False,0
397,0.01811018382084051,0.8721239089441515,251,0.085,False,0
398,0.9321182824836124,0.5651331835892089,199,0.168,False,0
399,0.6966508238768923,0.9224993811772957,736,0.219,False,0
400,0.7072386343133986,0.15253904291426135,985,0.22,False,0
401,0.5762883601668132,0.6067150463828559,712,0.86,False,0
402,0.424130671302386,0.7364442356247228,1971,0.925,False,0
403,0.9343670147690148,0.9255685129067763,544,0.0,False,0
404,0.4508393714041321,0.11323804584075525,287,0.567,False,0
405,0.9848411989623346,0.8388980864459341,485,0.037,False,0
406,0.12466268120326685,0.9208418826173723,575,0.061,False,0
407,0.8698963620621283,0.5188380571260721,162,0.377,False,0
408,0.5912754357449292,0.39900270387013026,797,0.932,False,0
409,0.05476163882203133,0.3351972416459009,424,0.174,False,0
410,0.8028534485980114,0.004632023004602859,110,0.043,False,0
411,0.3334991716911442,0.3981686935909433,685,0.568,False,0
412,0.5373956029379229,0.9198556164127605,358,0.636,False,0
413,0.34634599436596125,0.3469532018962277,936,0.713,False,0
414,0.7375012481097484,0.45221794088980716,814,0.822,False,0
415,0.22460482293998196,0.4524395161326934,645,0.312,False,0
416,0.14085702037979986,0.1763869865062233,983,0.57,False,0
417,0.49836777273947974,0.4189254495045479,468,0.743,False,0
418,0.9148459010681,0.3623938991166331,276,0.168,False,0
419,0.5805883502780435,0.6322642879195304,637,0.859,False,0
420,0.013094456588333636,0.6635373720167106,406,0.012,False,0
421,0.17803596686975143,0.9610703174694551,347,0.114,False,0
422,0.14866272775311296,0.41462412372702373,522,0.214,False,0
423,0.08534966807864386,0.9968742518459474,100,0.0,False,0
424,0.5021950103312426,0.5953850173200438,895,0.749,False,0
425,0.06707647738842748,0.7499604703991778,987,0.046,False,0
426,0.20990559309558576,0.8980542894407137,948,0.23,False,0
427,0.20513964048200717,0.19068772066366657,1466,0.754,False,0
428,0.03654966784809488,0.47206694510999925,113,0.057,False,0
429,0.5648411332626164,0.06570863942835237,197,0.22,False,0
430,0.7755276166950106,0.4532888347480276,751,0.759,False,0
431,0.52439026932758,0.44076274693822814,400,0.815,False,0
432,0.400763060875326,0.5596403313082179,976,0.6,False,0
433,0.1552402459307125,0.18192813049527112,1038,0.643,False,0
434,0.8617856210135173,0.9461154621336327,712,0.0,False,0
435,0.37330931627975295,0.27074467314355377,1063,0.879,False,0
436,0.6439995432390158,0.4087341710980964,1028,0.946,False,0
437,0.02538635566034486,0.15615259736619036,126,0.209,False,0
438,0.7159722288473975,0.6589239419101514,742,0.567,False,0
439,0.02709599250348349,0.22197216193294944,326,0.231,False,0
440,0.2310747965880714,0.6718927435987284,2000,0.3,False,0
441,0.019710537754364155,0.10410858198457384,100,0.152,False,0
442,0.7999160853731894,0.1785446620543336,729,0.102,False,0
443,0.6527461078518747,0.23818278104672652,1391,0.46,False,0
444,0.09944139275934516,0.24317219099945409,815,0.444,False,0
445,0.7222669318556592,0.8556964681062857,1263,0.192,False,0
446,0.8302198645669916,0.3971835296184548,771,0.438,False,0
447,0.6680851365706462,0.20498429541582097,1130,0.354,False,0
448,0.29314773026101326,0.8963358185211198,922,0.45,False,0
449,0.013001923510736035,0.08550853085446808,124,0.118,False,0
450,0.20788625514602732,0.026532203873819715,313,0.424,False,0
451,0.18143543508979731,0.5830415609696922,1136,0.097,False,0
452,0.42142455059249795,0.8926717110769748,687,0.751,False,0
453,0.8174435617384409,0.34181735169787597,970,0.452,False,0
454,0.2594234334312925,0.3796924081672669,1034,0.496,False,0
455,0.5902949425148077,0.26806364082287626,1034,0.571,False,0
456,0.624148907849134,0.4094116521912404,991,0.946,False,0
457,0.5520471808519802,0.4361265291353167,473,0.937,False,0
458,0.29446575954191767,0.9484533069621567,553,0.37,False,0
459,0.7636057941597608,0.14011317576645255,599,0.108,False,0
460,0.8684679758979128,0.48743119824951364,240,0.361,False,0
461,0.8945522268940914,0.7998552559473152,1269,0.0,False,0
462,0.42521350446923345,0.022469308320117398,250,0.393,False,0
463,0.2686773593849461,0.5416342146608669,819,0.282,False,0
464,0.6334782198261473,0.2578876854332023,1609,0.537,False,0
465,0.13935607407282413,0.8349302367992991,1388,0.166,False,0
466,0.9844021807035521,0.5256901823026858,100,0.058,False,0
467,0.1716792858483035,0.27230732651936895,1460,0.648,False,0
468,0.018390676547466733,0.914298806560499,258,0.021,False,0
469,0.11775108289014113,0.5765164755142536,437,0.061,False,0
470,0.274055220687206,0.5541780025157934,937,0.28,False,0
471,0.6514203883518642,0.8297418037072016,991,0.465,False,0
472,0.2064212717606032,0.010995828658480478,227,0.425,False,0
473,0.13688563006880727,0.9000186418481051,645,0.078,False,0
474,0.8738900775625152,0.5974131021703083,383,0.216,False,0
475,0.6005168604336534,0.6650366745462555,821,0.81,False,0
476,0.1753712786234496,0.9144119459249598,852,0.145,False,0
477,0.4187705248920731,0.38313852824949746,505,0.723,False,0
478,0.5189177052828375,0.046965966775055046,173,0.308,False,0
479,0.1662833687560794,0.7380336164263704,1949,0.169,False,0
480,0.08279866792512647,0.6031521094663882,440,0.066,False,0
481,0.24534910968132095,0.38929561404197655,889,0.45,False,0
482,0.28869373677069987,0.35567271646494913,1314,0.672,False,0
483,0.7190459051842455,0.297121715623175,1756,0.568,False,0
484,0.5664046402968972,0.47605040219909966,449,0.958,False,0
485,0.6636711653626481,0.936829739324758,492,0.252,False,0
486,0.7325720972102503,0.21494037859075676,1502,0.249,False,0
487,0.031183135061284672,0.2622640442998251,469,0.224,False,0
488,0.5950779307002548,0.05142581348425035,328,0.086,False,0
489,0.49636624720123634,0.5968428489168892,966,0.793,False,0
490,0.3342438908169608,0.7709122037458219,2000,0.75,False,0
491,0.1065982531337718,0.07513778173580876,183,0.334,False,0
492,0.7281887562036033,0.49549131620619846,652,0.888,False,0
493,0.688402396427736,0.4348273386037462,880,0.969,False,0
494,0.2464020332391068,0.8191023176741997,1917,0.393,False,0
495,0.7994158789689793,0.6946964708544268,1149,0.255,False,0
496,0.2721451372299627,0.5902306668690871,1275,0.295,False,0
497,0.3609738969400268,0.09158207332663415,431,0.654,False,0
498,0.9173135754622428,0.1368186309189614,100,0.004,False,0
499,0.9502373538208024,0.44600577295795574,100,0.141,False,0
500,0.18513292883861965,0.5419009473783581,586,0.086,False,0
501,0.8729458358764083,0.7322248864095612,1344,0.099,False,0
502,0.8065611478614497,0.6587833667107174,830,0.289,False,0
503,0.6922765645178525,0.8491956515653193,1166,0.27,False,0
504,0.24966800885918594,0.4894249636431405,676,0.286,False,0
505,0.22120944181960223,0.987668007996647,241,0.187,False,0
506,0.9440593396866133,0.0394268113685059,100,0.011,False,0
507,0.7055751725156885,0.9252483174156658,759,0.19,False,0
508,0.18057534512733353,0.5679452305526295,886,0.154,False,0
509,0.9154882975880418,0.03394597858579884,100,0.026,False,0
510,0.6974202672468399,0.29734900737255077,1758,0.61,False,0
511,0.9243961953765304,0.9710582451653678,419,0.0,False,0
512,0.9442664891134339,0.47421421665746377,100,0.177,False,0
513,0.8620426509893134,0.8445493985350704,1524,0.084,False,0
514,0.31910047324325563,0.8289154741506773,1724,0.642,False,0
515,0.03700763471549262,0.596269878482053,308,0.087,False,0
516,0.23000883728770305,0.12056688577727881,925,0.734,False,0
517,0.07695320162920916,0.6962887758781398,940,0.052,False,0
518,0.33987496376806614,0.7247667715287615,2000,0.672,False,0
519,0.06535634079894237,0.31529033783061033,575,0.251,False,0
520,0.5394912923753372,0.7907231648389635,838,0.817,False,0
521,0.3187525029320699,0.6258913764370091,1877,0.436,False,0
522,0.8859777482361871,0.6158631881823046,279,0.16,False,0
523,0.23295947475363377,0.02440078155653802,257,0.47,False,0
524,0.8700988739009299,0.021269410850387138,100,0.038,False,0
525,0.8747016726841994,0.528937134027212,144,0.331,False,0
526,0.9390676985128962,0.7987832357736654,844,0.0,False,0
527,0.9979341105333375,0.35071181545171015,100,0.131,False,0
528,0.7671882889311269,0.40193091360924216,1104,0.699,False,0
529,0.47987562030390885,0.6275054632183701,1285,0.786,False,0
530,0.8736771141863388,0.9840834691992951,280,0.018,False,0
531,0.7682734138645182,0.41776678216733376,788,0.71,False,0
532,0.4213570022770702,0.7375823015888915,1976,0.896,False,0
533,0.23877714576830233,0.11047411313139466,948,0.747,False,0
534,0.35462215764077654,0.28723899165408173,986,0.842,False,0
535,0.2963081204559901,0.23360775104990994,1621,0.93,False,0
536,0.04209318963636188,0.01787393473341381,100,0.11,False,0
537,0.9877223897360315,0.42777313373586234,173,0.054,False,0
538,0.3843266471596817,0.6796472826930698,2000,0.74,False,0
539,0.21825388786506417,0.9499611839502253,539,0.226,False,0
540,0.786345014415552,0.08941100231225951,309,0.071,False,0
541,0.41758077578492836,0.8791183075621647,618,0.839,False,0
542,0.9447320222914103,0.4674015112498697,165,0.178,False,0
543,0.6134113892107077,0.16703394609207523,782,0.306,False,0
544,0.9911686261369765,0.2316717013834434,121,0.061,False,0
545,0.9427317741351257,0.6496466489923685,722,0.042,False,0
546,0.6077367948788591,0.5126885110165086,261,0.94,False,0
547,0.2306698117177587,0.17652803200550826,1611,0.815,False,0
548,0.22048620907017535,0.18643826214425452,1495,0.857,False,0
549,0.7795844735667533,0.3501252591667301,1348,0.587,False,0
550,0.05784267656339637,0.9691026301408113,167,0.039,False,0
551,0.8837858849634257,0.927752283195213,766,0.05,False,0
552,0.9949078226464353,0.1738952492194873,100,0.0,False,0
553,0.39624201890265875,0.7582384757040913,2000,0.902,False,0
554,0.6960206180537922,0.15389590633985506,737,0.197,False,0
555,0.8158331249906178,0.22444057183666066,986,0.23,False,0
556,0.22381761482262308,0.5369744228934136,676,0.196,False,0
557,0.5929399348417032,0.5800862078378112,368,0.868,False,0
558,0.09148683739775487,0.8774608626303804,666,0.081,False,0
559,0.26560004258870606,0.12951492128280417,1179,0.857,False,0
560,0.8887480798689772,0.9556514982297534,547,0.0,False,0
561,0.8621276172654506,0.8095160747248781,1598,0.06,False,0
562,0.6552419806390217,0.5508573706091393,318,0.858,False,0
563,0.08698675991141014,0.4084532130706987,383,0.092,False,0
564,0.372688517012314,0.2597537837603262,1162,0.892,False,0
565,0.7234201136885849,0.4958757350787708,684,0.861,False,0
566,0.08104621590764793,0.22018320194981134,633,0.368,False,0
567,0.6832587636595959,0.07613085949030018,367,0.038,False,0
568,0.8512069140487687,0.4951465270139743,290,0.4,False,0
569,0.480586577326648,0.5924077846595176,1148,0.707,False,0
570,0.8246809659251492,0.34780920790219305,913,0.461,False,0
571,0.6780161525590636,0.5657319639957911,437,0.791,False,0
572,0.2670282701694213,0.878629986355158,1173,0.466,False,0
573,0.7974260216069281,0.6584518346584255,914,0.346,False,0
574,0.8505817290942419,0.8672942009598024,1415,0.022,False,0
575,0.7083629767150348,0.837013328363672,1337,0.257,False,0
576,0.6974714616692836,0.6801407717603004,843,0.538,False,0
577,0.6186113782151843,0.7527166395576412,864,0.637,False,0
578,0.1586051052930737,0.8808707591989284,1138,0.157,False,0
579,0.871843527745232,0.029247283034559146,129,0.0,False,0
580,0.8258167505647627,0.1288698674734452,445,0.016,False,0
581,0.3351188542591419,0.7435082562916078,2000,0.635,False,0
582,0.1607598960483082,0.8179670241190622,1534,0.186,False,0
583,0.8321341779577419,0.5074677337608362,386,0.448,False,0
584,0.00638587171683358,0.2870381331749128,288,0.13,False,0
585,0.6169269183757422,0.9811861780274235,320,0.307,False,0
586,0.6318135270166684,0.2598035810641598,1411,0.592,False,0
587,0.6340057030996114,0.5399853797158555,368,0.92,False,0
588,0.7798453951511436,0.10698063882695841,264,0.063,False,0
589,0.761027902502028,0.5412665786761103,353,0.674,False,0
590,0.9629920038589946,0.3418721660386861,233,0.066,False,0
591,0.6326218931339481,0.9320281055100175,377,0.36,False,0
592,0.10250972799067926,0.9372284872364511,446,0.075,False,0
593,0.6878857223008134,0.0678370591051719,261,0.105,False,0
594,0.30096356694681625,0.7081720886452816,2000,0.481,False,0
595,0.0673506014687717,0.5821704601762733,311,0.015,False,0
596,0.34588305695295674,0.6209155177674771,1809,0.489,False,0
597,0.04574203381251285,0.8715368061523763,240,0.035,False,0
598,0.9734889691773969,0.9688778552856915,220,0.015,False,0
599,0.7496518317429247,0.13008624013063197,476,0.163,False,0
600,0.7582631959290226,0.02458691645880151,211,0.013,False,0
601,0.022123551528997254,0.32361021914954125,309,0.136,False,0
602,0.48864319040466575,0.7704074178077932,1349,0.998,False,0
603,0.6832953766065052,0.44590270637674834,999,0.962,False,0
604,0.2736266662816659,0.9971245001577111,151,0.273,False,0
605,0.42618130223597295,0.4513870243296755,569,0.641,False,0
606,0.16362382119166918,0.7948095487499294,1867,0.152,False,0
607,0.6936822257814886,0.2207696127887604,1428,0.324,False,0
608,0.0823810456158427,0.6804993020747131,1086,0.006,False,0
609,0.6545112142811352,0.2732595269982093,1552,0.597,False,0
610,0.9508635622504104,0.15105789178090023,100,0.061,False,0
611,0.4323348010426019,0.9436159201675989,255,0.675,False,0
612,0.4197273169261223,0.6385259476640855,1744,0.754,False,0
613,0.3975943979627943,0.27421520234867003,820,0.878,False,0
614,0.9839776479598282,0.409334006315043,172,0.082,False,0
615,0.8940992036791344,0.22995460589108618,389,0.077,False,0
616,0.2131047040250833,0.03113408288451136,353,0.484,False,0
617,0.651666825375885,0.36852634372376114,1374,0.887,False,0
618,0.864358249839637,0.47320990669155716,141,0.381,False,0
619,0.9681934279147217,0.18552551570312115,115,0.042,False,0
620,0.8686231679556108,0.7765968527917417,1347,0.083,False,0
621,0.770921844644052,0.8447832281168877,1632,0.189,False,0
622,0.7610239909429989,0.6262203216314154,544,0.514,False,0
623,0.13124487768238757,0.032526179491251916,372,0.323,False,0
624,0.9208478478156868,0.616650314520738,420,0.158,False,0
625,0.7965372909761763,0.4815223515125501,477,0.628,False,0
626,0.11730818896239448,0.12518579220255044,669,0.419,False,0
627,0.6855652872289714,0.4303058948994627,942,0.962,False,0
628,0.20052472670033672,0.4915945467414369,538,0.162,False,0
629,0.06420893707513409,0.5819714019143988,405,0.068,False,0
630,0.26899340443509767,0.7975591006371882,2000,0.459,False,0
631,0.31036195892357377,0.4552201490818012,701,0.427,False,0
632,0.011620539908100636,0.07244688779455888,142,0.106,False,0
633,0.3924935564066848,0.4799388347171235,560,0.553,False,0
634,0.6000205481193037,0.29166257870930323,1162,0.68,False,0
635,0.6949818861265425,0.8601223971892046,1042,0.252,False,0
636,0.7798509888933498,0.039618825348357145,127,0.041,False,0
637,0.48050694725782894,0.10493017841817487,234,0.445,False,0
638,0.24204501586252747,0.9866625932671464,195,0.227,False,0
639,0.14249554290151323,0.49888815345135606,557,0.129,False,0
640,0.6181557343181191,0.702464970544104,885,0.719,False,0
641,0.5596486834869141,0.00977084741918366,105,0.11,False,0
642,0.3264613082439919,0.5177116433847114,759,0.364,False,0
643,0.08786649914483335,0.35062693120918076,496,0.235,False,0
644,0.033203108791366565,0.07857849715502074,100,0.197,False,0
645,0.39692327620159606,0.13271575404306035,561,0.795,False,0
646,0.5675408482615582,0.6894649691372657,897,0.802,False,0
647,0.8005866991090829,0.2001502442448101,796,0.214,False,0
648,0.16748258225906976,0.10456784033440025,708,0.487,False,0
649,0.6364302495436367,0.7064757264869012,777,0.618,False,0
650,0.03158614482564204,0.9362122462436898,100,0.0,False,0
651,0.05197128365147241,0.5412963353010705,151,0.0,False,0
652,0.7090605194509164,0.8709691237460856,1124,0.205,False,0
653,0.7140869321324278,0.8017280830697918,1585,0.325,False,0
654,0.33945019254280606,0.8148251137465122,1840,0.733,False,0
655,0.08011484638467514,0.8948166560605276,434,0.063,False,0
656,0.5475923761537362,0.8172977699624937,781,0.842,False,0
657,0.45231828451830014,0.643577695196525,1492,0.805,False,0
658,0.5264026609361132,0.7315895217553319,1243,0.924,False,0
659,0.08162998203058958,0.0603520839905638,155,0.246,False,0
660,0.24710323401014644,0.15954468011318834,1347,0.824,False,0
661,0.8717835665922017,0.21921398735804432,621,0.157,False,0
662,0.9758652558191313,0.33689579177110685,100,0.071,False,0
663,0.18211791568869928,0.7896985071424791,1835,0.2,False,0
664,0.6587077755008761,0.498195716453139,468,0.962,False,0
665,0.5553635509376312,0.7192017782722638,1055,0.822,False,0
666,0.22845474133129873,0.9963339160567419,121,0.153,False,0
667,0.9747931621467831,0.6503256863469369,100,0.065,False,0
668,0.19954245092914513,0.6802282424312913,1926,0.229,False,0
669,0.07219840897917584,0.030652502205806065,157,0.164,False,0
670,0.2576828885112137,0.4626229567393163,687,0.312,False,0
671,0.8682725054083805,0.727169069766308,1238,0.139,False,0
672,0.742706521199981,0.42549333444807536,959,0.81,False,0
673,0.3459349925469629,0.3710387629846027,941,0.721,False,0
674,0.9876495637360578,0.04010919141248248,100,0.037,False,0
675,0.8670314961224486,0.5786754085723934,296,0.313,False,0
676,0.43861541918959046,0.7252576604151365,1947,0.881,False,0
677,0.48666894142470285,0.8734232380816606,634,0.854,False,0
678,0.9007018640112585,0.4217209268734554,233,0.266,False,0
679,0.2768277972350516,0.5923503285933622,1362,0.291,False,0
680,0.912363345616691,0.21066218900566658,100,0.082,False,0
681,0.6229665835634828,0.6315602200925206,480,0.81,False,0
682,0.733113022415281,0.1315676851272598,683,0.147,False,0
683,0.7158249646820886,0.909032520665641,865,0.171,False,0
684,0.17968310887024197,0.23754332492387764,1513,0.708,False,0
685,0.9713950940416396,0.18097695270948977,121,0.009,False,0
686,0.8543850933695791,0.4922778564480348,251,0.408,False,0
687,0.24723107440317704,0.8707499012725114,1308,0.368,False,0
688,0.4453052550026655,0.5148173539296902,546,0.649,False,0
689,0.3592333693997657,0.5929508514349274,1463,0.526,False,0
690,0.16352387258502277,0.3910815366517607,773,0.299,False,0
691,0.9694123223352875,0.25813343270112754,148,0.118,False,0
692,0.6567366645412922,0.3251900642246949,1609,0.692,False,0
693,0.7734731256866006,0.13087366071834983,570,0.085,False,0
694,0.9698210450785447,0.45378954138363925,130,0.135,False,0
695,0.23605046334646396,0.07349674733001266,442,0.646,False,0
696,0.16975790508754074,0.5197739485560177,577,0.138,False,0
697,0.3370031764312863,0.8288833658826095,1610,0.719,False,0
698,0.43088752366180594,0.2487142725876299,746,0.814,False,0
699,0.61714498660403,0.7067772168854458,870,0.699,False,0
700,0.16704190790094986,0.16761921628831766,1010,0.688,False,0
701,0.03667142693354297,0.7364020150656405,669,0.054,False,0
702,0.6638045276218051,0.4746308757498139,625,1.0,False,0
703,0.8441704489691971,0.8056701529500532,1618,0.051,False,0
704,0.5853543643967521,0.8682712805132586,658,0.618,False,0
705,0.20584121003676825,0.11191961939772788,799,0.664,False,0
706,0.2697496115169896,0.05708685608931485,443,0.584,False,0
707,0.531169528001032,0.9366056922949615,246,0.584,False,0
708,0.03934354066850965,0.1221099140100268,122,0.201,False,0
709,0.4521990282834353,0.9338750175279049,289,0.678,False,0
710,0.3161561049767505,0.5072348086883924,716,0.334,False,0
711,0.0415728590503921,0.14834320096208886,251,0.289,False,0
712,0.9866301229588469,0.9651186964360455,200,0.0,False,0
713,0.004939980934409616,0.951811785423239,100,0.016,False,0
714,0.6391199378155004,0.8679182945200221,597,0.475,False,0
715,0.4547398556338591,0.5155960285792502,634,0.662,False,0
716,0.4888465802569202,0.6668642575461043,1573,0.893,False,0
717,0.1396512547563129,0.029973589872677953,221,0.281,False,0
718,0.3079299415911909,0.7046807627366467,2000,0.6,False,0
719,0.20185345212294836,0.6734324333249173,1976,0.219,False,0
720,0.9699120461072704,0.09390071578941839,100,0.0,False,0
721,0.6726021182251263,0.44375021930457115,1019,0.959,False,0
722,0.8681422543775054,0.1771497894473859,415,0.109,False,0
723,0.6926259522261645,0.8381152896481102,1325,0.314,False,0
724,0.9446142194740232,0.6832480282896458,485,0.04,False,0
725,0.4971747640084273,0.6178472402012138,1255,0.812,False,0
726,0.8689049844787182,0.5706097466388297,360,0.248,False,0
727,0.03038705969683686,0.9309486955069778,259,0.073,False,0
728,0.6895267510315611,0.6765133857772465,822,0.538,False,0
729,0.21567515239771717,0.6588854702326572,1844,0.262,False,0
730,0.3938644056541585,0.6512329770414921,2000,0.704,False,0
731,0.10659303030799072,0.657845304603036,1089,0.039,False,0
732,0.9994137257706666,0.04821203886055603,100,0.001,False,0
733,0.9771741842213173,0.4069079607228706,100,0.132,False,0
734,0.8707534503372591,0.7823854840582735,1482,0.063,False,0
735,0.5670162609866678,0.7384492092513265,931,0.857,False,0
736,0.8785155613013479,0.404140321651033,410,0.352,False,0
737,0.3270331615632387,0.6675933855635847,2000,0.578,False,0
738,0.8078459419412586,0.7622851347766157,1559,0.143,False,0
739,0.7978136488586345,0.435583314812933,712,0.58,False,0
740,0.8178342161750216,0.12020905537060844,216,0.048,False,0
741,0.5444890979608495,0.0057586604981215705,110,0.158,False,0
742,0.3245858299002703,0.3664615348713979,967,0.67,False,0
743,0.3961726916092554,0.6954672066898622,2000,0.732,False,0
744,0.38855810127034573,0.44869362262253065,416,0.559,False,0
745,0.23754413087432746,0.3732517916293401,1189,0.524,False,0
746,0.22726962726315147,0.07319592376844364,680,0.605,False,0
747,0.6034485933813779,0.6682127985550163,733,0.81,False,0
748,0.6194903460096145,0.46349404380057235,621,1.0,False,0
749,0.3797857801792298,0.8633336495718252,1127,0.827,False,0
750,0.519081785136218,0.47918187762973097,366,0.84,False,0
751,0.025642065806435688,0.34124782762615635,305,0.171,False,0
752,0.38019561878585706,0.3988227808969005,716,0.676,False,0
753,0.5801723692273323,0.5336025467268785,506,0.966,False,0
754,0.6079050927934446,0.7648832615421283,773,0.654,False,0
755,0.8129857387160935,0.7181230762264944,1454,0.188,False,0
756,0.9555236959549347,0.01823258267636163,100,0.0,False,0
757,0.1957779856835461,0.00756287497814212,256,0.378,False,0
758,0.647474714154603,0.8980305489499869,666,0.397,False,0
759,0.24348229657629927,0.9270345447963066,546,0.268,False,0
760,0.06026739028956085,0.9344360268055143,192,0.033,False,0
761,0.3516226872396344,0.10142082844921652,568,0.684,False,0
762,0.48587175918632564,0.25677656772050794,581,0.755,False,0
763,0.28487290196192283,0.3072899649262866,1454,0.774,False,0
764,0.8030258978326634,0.5391612766752545,374,0.526,False,0
765,0.31130769915600365,0.6103337833109184,1668,0.4,False,0
766,0.7161506742231936,0.27262400073353377,1723,0.524,False,0
767,0.4135491015253515,0.12188609333694755,376,0.594,False,0
768,0.18114934953468032,0.6811178539649828,1931,0.181,False,0
769,0.18143834769562694,0.5251633836670602,668,0.148,False,0
770,0.7090462617224327,0.10687692309474384,453,0.101,False,0
771,0.5673122196289035,0.25656278370136376,921,0.661,False,0
772,0.9629268752375798,0.4835456467199247,112,0.106,False,0
773,0.8059925497751581,0.5502265421562618,318,0.52,False,0
774,0.043412532854819164,0.6331513755940223,488,0.037,False,0
775,0.951403342206657,0.6016118201463312,274,0.139,False,0
776,0.8191888594267902,0.8842064633484078,1237,0.047,False,0
777,0.22807977194893247,0.21204483990822665,1790,0.825,False,0
778,0.6109809888509917,0.4110284698067047,928,0.997,False,0
779,0.8398613028667203,0.9000231233980112,1171,0.058,False,0
780,0.3534213793027181,0.23687055897448206,1252,0.88,False,0
781,0.7805255152438618,0.2748060355481361,1403,0.358,False,0
782,0.8226143185136784,0.42373825364876283,502,0.528,False,0
783,0.6675498992914705,0.09553531383466818,527,0.156,False,0
784,0.623859324676573,0.4517676787372291,714,0.979,False,0
785,0.5866084631754741,0.16801420774486342,692,0.276,False,0
786,0.7368737449441821,0.8627970775432285,1456,0.215,False,0
787,0.21673980009077565,0.09571455552016173,676,0.621,False,0
788,0.023638586046336396,0.641971500443266,458,0.0,False,0
789,0.6070940360887808,0.54669741271407,374,0.84,False,0
790,0.23194709611597542,0.39090599590551467,1005,0.482,False,0
791,0.594476335186173,0.4967668588591694,285,0.975,False,0
792,0.9877855202148873,0.13643975255673313,100,0.005,False,0
793,0.6951445540475938,0.4043187681042921,1194,0.932,False,0
794,0.42819961492561476,0.7175977656581762,2000,0.917,False,0
795,0.6924361513243696,0.9912559937021883,380,0.194,False,0
796,0.12839428945412523,0.10410964938416634,457,0.394,False,0
797,0.7243388171287412,0.5783869170064091,358,0.686,False,0
798,0.27416066655980587,0.0794193689889866,633,0.645,False,0
799,0.08565824959643054,0.8941908746641183,499,0.049,False,0
800,0.1918673247187429,0.32337156211552076,1401,0.555,False,0
801,0.22665640222698802,0.3549963058319373,1193,0.572,False,0
802,0.06942384274609337,0.5190597909082704,100,0.057,False,0
803,0.0676125635922149,0.8003565078223616,894,0.07,False,0
804,0.23371208191043302,0.5400119146045106,670,0.235,False,0
805,0.8800790875614583,0.6508773690471942,543,0.229,False,0
806,0.5329577865513353,0.3243337531153756,669,0.76,False,0
807,0.33300191305819793,0.6694869551981901,2000,0.544,False,0
808,0.9941393612211675,0.6618391898493786,357,0.045,False,0
809,0.5577834173700249,0.7306505102392461,979,0.82,False,0
810,0.46520561228371815,0.060142342600785215,100,0.44,False,0
811,0.5622968158779098,0.9576252845053802,219,0.442,False,0
812,0.17530294235765964,0.6900048908206657,1831,0.159,False,0
813,0.20093368865905648,0.5358276844730813,585,0.155,False,0
814,0.09667644964671962,0.45037093625818514,168,0.151,False,0
815,0.7561633288952461,0.3475715242389821,1353,0.615,False,0
816,0.664911724487218,0.7954499607897292,1039,0.446,False,0
817,0.9271778194794527,0.23464208185545354,271,0.132,False,0
818,0.39931591580930814,0.15241601333041743,625,0.756,False,0
819,0.9924835021583752,0.9270009679242953,250,0.002,False,0
820,0.5399571302805596,0.8420332943764213,562,0.822,False,0
821,0.5209579772720422,0.6235856880027597,1019,0.793,False,0
822,0.08912443211601662,0.7552704204968079,1124,0.084,False,0
823,0.12771348363523483,0.8260676302525284,1369,0.087,False,0
824,0.7820280876703859,0.7087446977429764,1268,0.293,False,0
825,0.036160380524762115,0.3031283559453286,274,0.164,False,0
826,0.26311256991084286,0.3601364074715191,1084,0.622,False,0
827,0.08764274676383854,0.9369578230310628,313,0.08,False,0
828,0.5538022407123763,0.30552431065802355,1003,0.76,False,0
829,0.3969815170742834,0.44720254050483565,511,0.584,False,0
830,0.6005943333606173,0.5156794276964978,499,0.953,False,0
831,0.9193919732144173,0.49696348290583026,175,0.199,False,0
832,0.9921580148233127,0.8514249577450957,367,0.048,False,0
833,0.2085105143573358,0.9305952146439163,631,0.19,False,0
834,0.11636639788547609,0.8174497084911916,1211,0.072,False,0
835,0.3806232934765801,0.8779743204450695,1029,0.777,False,0
836,0.8680566901074503,0.8059254001176211,1435,0.035,False,0
837,0.7900304363070614,0.3046791390980408,1429,0.397,False,0
838,0.08091928305125218,0.40298017876516146,386,0.122,False,0
839,0.17352451498650867,0.6949510889024617,2000,0.161,False,0
840,0.34609972653778553,0.9756102008599149,230,0.409,False,0
841,0.640972077345332,0.822480563634361,936,0.519,False,0
842,0.13252467274184843,0.8620144822726226,1236,0.147,False,0
843,0.9227571905133943,0.4870619188189359,100,0.227,False,0
844,0.6062529377509774,0.7648098009029954,707,0.686,False,0
845,0.17483862726041255,0.5025660764634424,301,0.155,False,0
846,0.3986630277723131,0.1463739921622491,666,0.786,False,0
847,0.36753442229153144,0.06817230938549357,208,0.654,False,0
848,0.025811906949486985,0.13516628915482276,169,0.199,False,0
849,0.9631151115891738,0.549529535895017,134,0.098,False,0
850,0.96582216115322,0.432497878330132,105,0.1,False,0
851,0.3118161330852596,0.5061418628402441,718,0.316,False,0
852,0.4395116886329101,0.10566468426174391,314,0.592,False,0
853,0.6408263146902062,0.2160381825095996,1358,0.431,False,0
854,0.6195879548978296,0.6502010923981534,523,0.778,False,0
855,0.1520248531286481,0.06134962711066816,320,0.411,False,0
856,0.7807615860684398,0.4598004237693202,563,0.72,False,0
857,0.05816379550547579,0.9948663171697671,179,0.005,False,0
858,0.05778056099636664,0.6950352288585532,906,0.066,False,0
859,0.9836789252634136,0.23918010421592562,132,0.041,False,0
860,0.14224936868719618,0.1213849394224289,771,0.488,False,0
861,0.30327514756759555,0.10104581101064669,662,0.793,False,0
862,0.6921613416941319,0.06229179813006269,386,0.089,False,0
863,0.5094221281497897,0.9966968538529768,210,0.418,False,0
864,0.8139702695060188,0.6152194382310109,645,0.359,False,0
865,0.30625362078661167,0.6238958362916385,1940,0.415,False,0
866,0.5270414639116516,0.4260833838903715,355,0.934,False,0
867,0.13071037674019947,0.8866042152404667,798,0.143,False,0
868,0.4497846488213225,0.19462251182076507,485,0.74,False,0
869,0.3677593508772896,0.41412975252892703,634,0.585,False,0
870,0.8275378955668743,0.733614380561402,1424,0.185,False,0
871,0.7693048936413398,0.011031264428647214,144,0.036,False,0
872,0.4161539981797615,0.4813441516353236,620,0.59,False,0
873,0.019192276823056686,0.2598132087450342,337,0.175,False,0
874,0.760289823122135,0.13710970572899905,654,0.117,False,0
875,0.5353101314525917,0.2152018720172375,570,0.463,False,0
876,0.012120774643893273,0.24120145759954148,183,0.183,False,0
877,0.9758737549100538,0.8015371118829896,714,0.0,False,0
878,0.9595766443210334,0.48785404392636245,138,0.186,False,0
879,0.1097361986775035,0.547959488973693,410,0.072,False,0
880,0.4543773345599609,0.844357082739616,920,0.879,False,0
881,0.09808258078424459,0.4882411370217782,100,0.094,False,0
882,0.15004866469398426,0.32467592689006,967,0.416,False,0
883,0.7373570773877997,0.47601812936876653,784,0.833,False,0
884,0.37588828514576933,0.3944762785700353,511,0.64,False,0
885,0.45944676840598664,0.7850165438370569,1452,1.0,False,0
886,0.8920846889402344,0.9553346865039283,660,0.0,False,0
887,0.7869033862552951,0.31540689574801273,1273,0.46,False,0
888,0.6881347060865421,0.4376031240553919,965,0.899,False,0
889,0.2546706220460512,0.8408715794259226,1727,0.449,False,0
890,0.038426348962324997,0.9017619921354235,332,0.041,False,0
891,0.46147746462473416,0.6372014768082804,1734,0.814,False,0
892,0.6593539222057827,0.8951177407065364,575,0.349,False,0
893,0.6366696821672073,0.6139335847600618,550,0.803,False,0
894,0.06665204056068996,0.5184080219452041,194,0.102,False,0
895,0.15016900081704165,0.7374337687214856,1900,0.142,False,0
896,0.5122219208126745,0.6802277792083533,1298,0.887,False,0
897,0.041672900602384266,0.08479201604580322,100,0.16,False,0
898,0.7163233880626823,0.07208433599867337,312,0.047,False,0
899,0.0712567277652586,0.01210847523488745,100,0.169,False,0
900,0.9565013982994801,0.737508359459007,720,0.066,False,0
901,0.35325140850206416,0.2965355812876552,1211,0.835,False,0
902,0.34970322974584955,0.7746535311811819,2000,0.768,False,0
903,0.6613706110704144,0.18519556786746794,1170,0.294,False,0
904,0.17410933533408435,0.09839564971339732,692,0.541,False,0
905,0.6603027197013381,0.7643726622217359,1036,0.524,False,0
906,0.265046428325004,0.020944961030912812,218,0.44,False,0
907,0.08217166747642735,0.9678600348450305,161,0.074,False,0
908,0.29544477747742026,0.7692231478381336,2000,0.564,False,0
909,0.6246635688542638,0.3819396396528959,1303,0.939,False,0
910,0.2056872621955551,0.12138641815940643,927,0.656,False,0
911,0.6150129680388666,0.774633780637788,843,0.674,False,0
912,0.6439042535411307,0.5303021332491583,330,0.957,False,0
913,0.041951223431636264,0.9684887775943838,239,0.03,False,0
914,0.7987141916545746,0.29282203670096474,1334,0.348,False,0
915,0.9799703293588506,0.6018815896363221,309,0.078,False,0
916,0.5824226582072465,0.7480731794295321,781,0.74,False,0
917,0.8117697880901376,0.6564786073315027,864,0.281,False,0
918,0.12809574636620003,0.3382675059944984,843,0.394,False,0
919,0.9280836403260497,0.22461561184385193,294,0.098,False,0
920,0.3721670238375133,0.432076882944196,509,0.556,False,0
921,0.4394049896944522,0.6129395824945255,1386,0.694,False,0
922,0.9430758377447076,0.24069271183250496,275,0.091,False,0
923,0.12150137630091806,0.19747048985993731,979,0.499,False,0
924,0.8869249002092695,0.645810812655206,542,0.089,False,0
925,0.28590678923916013,0.8159469389686173,2000,0.575,False,0
926,0.861369996363436,0.846514338690278,1559,0.048,False,0
927,0.9189265336395545,0.2522410201733616,325,0.14,False,0
928,0.7550419287462783,0.46053949727414,702,0.734,False,0
929,0.8419985528900615,0.7284906771616132,1465,0.044,False,0
930,0.7764474464997246,0.6561618376810715,822,0.381,False,0
931,0.17742876946970687,0.5450269188969383,626,0.145,False,0
932,0.9846697395245082,0.9373880664971189,113,0.0,False,0
933,0.04317373579701167,0.16481481572943713,386,0.219,False,0
934,0.1317287734545619,0.7259799099852955,1520,0.199,False,0
935,0.8177853298569451,0.2135113663106719,977,0.174,False,0
936,0.505852692951829,0.8407030280112,723,0.9,False,0
937,0.7328015447662506,0.5422372054918483,378,0.724,False,0
938,0.5903476904587729,0.50836054691628,380,0.896,False,0
939,0.2975484513188206,0.5650219928590161,1089,0.326,False,0
940,0.6888853020500907,0.8733229158608077,1121,0.292,False,0
941,0.6362913539792481,0.761121537043158,705,0.585,False,0
942,0.160071634954573,0.4615574744197899,518,0.189,False,0
943,0.009331619827093296,0.24667886452162302,267,0.177,False,0
944,0.7264617151130048,0.9918099513493635,321,0.098,False,0
945,0.0991780995872159,0.40149431586128825,304,0.157,False,0
946,0.8000709686991595,0.20403563462889884,1057,0.203,False,0
947,0.5550849493022862,0.7330712960296748,891,0.791,False,0
948,0.615985450260179,0.18802473461541613,834,0.307,False,0
949,0.3553845686857394,0.7837917844853972,2000,0.818,False,0
950,0.5542265141320166,0.005229613542912737,100,0.155,False,0
951,0.7609907600280938,0.03531135494023907,100,0.03,False,0
952,0.7457337827312321,0.2024805601652374,1220,0.21,False,0
953,0.9580734801193802,0.3679407513020845,100,0.104,False,0
954,0.3269316163380791,0.14888805033244468,1122,0.883,False,0
955,0.3056042154902149,0.8766507618282006,1232,0.505,False,0
956,0.9963343376272473,0.36830953050684834,115,0.054,False,0
957,0.44861063095454257,0.722070938202737,1884,0.947,False,0
958,0.8861957804650745,0.5930443341867842,482,0.26,False,0
959,0.39152569817782934,0.41262184084862374,512,0.604,False,0
960,0.6956181464968069,0.0032182636042786816,100,0.059,False,0
961,0.6195893374598407,0.3554930104413574,1344,0.799,False,0
962,0.7941973312770843,0.09299063982313216,465,0.075,False,0
963,0.5882022669483905,0.48097288988612374,409,0.949,False,0
964,0.6423255259052274,0.06485359448296835,208,0.124,False,0
965,0.5799837874281313,0.5614845879595237,486,0.89,False,0
966,0.5606600944161709,0.6034876665964548,639,0.896,False,0
967,0.6764679372263622,0.8049889996807698,1067,0.392,False,0
968,0.26982072012821434,0.8250494101800621,1920,0.508,False,0
969,0.4982556822634536,0.07705827913433116,338,0.35,False,0
970,0.0585509292439792,0.3342383186960608,412,0.204,False,0
971,0.7848969771114676,0.7076809347409158,1270,0.259,False,0
972,0.7886149646724064,0.5172690564416094,256,0.58,False,0
973,0.44019899795549056,0.14745252670628395,453,0.665,False,0
974,0.32819275360931155,0.43401936617387527,706,0.484,False,0
975,0.08860042967961723,0.22061195271121126,745,0.391,False,0
976,0.5982252940637388,0.7356631142391898,828,0.74,False,0
977,0.9983475113929496,0.9331133313435577,201,0.024,False,0
978,0.6425651995351915,0.421248053294072,900,1.0,False,0
979,0.6361773647082327,0.785651618080232,974,0.54,False,0
980,0.11833619092338732,0.40990488969628824,510,0.24,False,0
981,0.8398022856356172,0.383832951933044,596,0.388,False,0
982,0.5718722712271865,0.5877693608621982,670,0.887,False,0
983,0.18447625313363936,0.3622354416522884,1063,0.463,False,0
984,0.33451128874193214,0.026196708532064794,360,0.449,False,0
985,0.024191763891355245,0.8316970436757735,388,0.027,False,0
986,0.2730708099728124,0.5180787662388154,594,0.271,False,0
987,0.29872557358877305,0.9406792451153405,520,0.38,False,0
988,0.25929675886577375,0.4296568127389351,743,0.438,False,0
989,0.8727302504846018,0.8419335667918086,1553,0.023,False,0
990,0.18610141784627732,0.8026433097957104,1935,0.214,False,0
991,0.45818688673789265,0.4829688720853552,442,0.695,False,0
992,0.13347997241594378,0.08060151375712465,332,0.429,False,0
993,0.7279393069737652,0.49646115235529975,628,0.825,False,0
994,0.43685070261517955,0.7295082286523967,1857,0.961,False,0
995,0.7655128989911097,0.15890816766935356,907,0.164,False,0
996,0.6102251494776413,0.13535408227768553,520,0.194,False,0
997,0.7513750860290457,0.6569551562671395,984,0.418,False,0
998,0.956614621083458,0.06895801635642118,100,0.0,False,0
999,0.05705472115125432,0.28218707469320015,466,0.27,False,0
1000,0.26170568373590597,0.24697879907199982,1752,0.809,False,0
1001,0.9062545805210367,0.2495461998495061,348,0.193,False,0
1002,0.271949726128631,0.7593982624179637,2000,0.51,False,0
1003,0.44973984245054,0.7767105569551812,1579,0.978,False,0
1004,0.06536615756438524,0.4875711936733843,125,0.105,False,0
1005,0.03361360018328263,0.06265320345535452,100,0.229,False,0
1006,0.906437453344411,0.13924537111759516,173,0.063,False,0
1007,0.5324206822752171,0.41109560260070654,373,0.895,False,0
1008,0.3473433262588427,0.8998333456872725,834,0.629,False,0
1009,0.0218233967754895,0.6637896861755891,396,0.015,False,0
1010,0.9633944342135504,0.5601681834618419,100,0.093,False,0
1011,0.9368224620330918,0.05225787928602377,100,0.0,False,0
1012,0.4187933190741614,0.26015779096205116,635,0.801,False,0
1013,0.7308209649807298,0.9812970904972467,381,0.065,False,0
1014,0.2565300624442478,0.6541746014740745,1939,0.327,False,0
1015,0.19809763275974013,0.5653302545716099,991,0.108,False,0
1016,0.4639324866883362,0.9720053296315371,119,0.526,False,0
1017,0.6085272726964666,0.3495063720868188,1271,0.841,False,0
1018,0.11409578488793337,0.15124682873493456,707,0.455,False,0
1019,0.2253169299512351,0.250966661340298,1774,0.79,False,0
1020,0.8506160578411378,0.5612227882825249,298,0.437,False,0
1021,0.5233909113743664,0.11476887186921747,160,0.419,False,0
1022,0.860139693349435,0.7228143032084837,1409,0.083,False,0
1023,0.06766836190000158,0.7078350972297687,1105,0.052,False,0
1024,0.5435382173426461,0.08172534574677826,100,0.255,False,0
1025,0.45830064152865646,0.484696287130047,385,0.662,False,0
1026,0.16577454016327575,0.9456981470002823,467,0.084,False,0
1027,0.8499753714806619,0.6690223373291083,841,0.207,False,0
1028,0.4622955610006072,0.4117655415845085,447,0.713,False,0
1029,0.6509734671509542,0.5454318694069055,322,0.934,False,0
1030,0.062273105881885615,0.5125026487703317,363,0.084,False,0
1031,0.8064036172328395,0.45923987759695806,631,0.625,False,0
1032,0.05195657755426841,0.7862781993840331,841,0.014,False,0
1033,0.2013637821359744,0.2586208348880388,1737,0.742,False,0
1034,0.1647063534322959,0.33021506487149754,1212,0.494,False,0
1035,0.756751505688635,0.5193858595039373,374,0.696,False,0
1036,0.20488127415071256,0.8778300781520408,1114,0.231,False,0
1037,0.8795818549515292,0.8705784250460069,1221,0.079,False,0
1038,0.23879621138153928,0.4512393441809881,670,0.327,False,0
1039,0.9849896561408751,0.7720124763099904,545,0.034,False,0
1040,0.027167421225559818,0.06520459126049205,100,0.125,False,0
1041,0.46393137681233276,0.9092202058615602,367,0.704,False,0
1042,0.5387017979527142,0.4978125080342902,427,0.868,False,0
1043,0.10547369995663058,0.656780104724294,1055,0.064,False,0
1044,0.8221031606002255,0.38042000750756233,1018,0.445,False,0
1045,0.7756118509253275,0.9644766539008116,579,0.07,False,0
1046,0.2037664591276891,0.5233296311947413,627,0.129,False,0
1047,0.28713795808457554,0.7928544190338394,2000,0.526,False,0
1048,0.5775933658811575,0.6345824175503038,855,0.852,False,0
1049,0.7979141596158941,0.3959704726624549,911,0.597,False,0
1050,0.9150900684070432,0.53302886724614,189,0.196,False,0
1051,0.157954822835348,0.6958991181688025,1811,0.117,False,0
1052,0.7932613504382544,0.31676167706752667,1334,0.415,False,0
1053,0.857179256998753,0.9061432547657664,1079,0.023,False,0
1054,0.2769044873778089,0.9835214727152221,320,0.286,False,0
1055,0.14071152804875842,0.20201566840248997,895,0.595,False,0
1056,0.18422483923802613,0.8939897100078704,1020,0.18,False,0
1057,0.6542925523249619,0.15210428322227287,797,0.204,False,0
1058,0.440323418368349,0.615298025069802,1453,0.736,False,0
1059,0.08346408498938329,0.8824163684073387,792,0.032,False,0
1060,0.8036035354415352,0.5052067735766382,323,0.552,False,0
1061,0.9671266152591704,0.4177609792750997,100,0.166,False,0
1062,0.9841103190364978,0.6679199988036271,463,0.066,False,0
1063,0.6346712732539415,0.165954895295785,773,0.296,False,0
1064,0.881927758304644,0.42748968792061515,291,0.284,False,0
1065,0.16223340578247936,0.01260751997575904,182,0.328,False,0
1066,0.5597556836383826,0.5273996221226763,508,0.939,False,0
1067,0.7193536223691586,0.8902580530178021,1113,0.198,False,0
1068,0.07940658464302952,0.7314964903403623,1019,0.098,False,0
1069,0.18741194409758222,0.858177053157164,1307,0.264,False,0
1070,0.8190635138616561,0.5407937549855444,272,0.519,False,0
1071,0.7102427986233115,0.3143501131837484,1776,0.642,False,0
1072,0.47116789893281463,0.8216368977104717,1095,0.964,False,0
1073,0.4592651971732139,0.3577982653254418,538,0.797,False,0
1074,0.4942124472502999,0.8282492524372184,745,0.929,False,0
1075,0.33520804737087273,0.1737615931357438,1238,0.91,False,0
1076,0.7120140203307808,0.8259782127080818,1399,0.279,False,0
1077,0.10063747852353333,0.23987411275594472,937,0.421,False,0
1078,0.1419719897609939,0.3479414115821666,904,0.339,False,0
1079,0.45035097890541265,0.7488263369633065,1833,0.955,False,0
1080,0.6511475848816741,0.6209285674784312,520,0.785,False,0
1081,0.3523749466096544,0.8414475530847599,1541,0.688,False,0
1082,0.47128716739816456,0.9791049380151545,179,0.539,False,0
1083,0.6341421382957368,0.12626474156450274,541,0.246,False,0
1084,0.676177562075434,0.325104015431699,1912,0.709,False,0
1085,0.6863271966860974,0.06964114816240574,355,0.104,False,0
1086,0.1748814371759594,0.8557372589057863,1373,0.198,False,0
1087,0.2271795570235149,0.83704112524294,1578,0.38,False,0
1088,0.27927608845441043,0.6428819100587077,1845,0.403,False,0
1089,0.694150573509831,0.5126547531450529,493,0.851,False,0
1090,0.3053106766967313,0.21264437637109612,1560,0.974,False,0
1091,0.03318935456242622,0.3039464012407238,269,0.18,False,0
1092,0.653162790531283,0.9383048184484827,476,0.295,False,0
1093,0.871204482263052,0.7660647765353026,1578,0.055,False,0
1094,0.7884473432532987,0.6649849034759953,1029,0.379,False,0
1095,0.260286857566003,0.9071950307058299,787,0.398,False,0
1096,0.670732311905834,0.56044063098044,366,0.826,False,0
1097,0.11098946921348107,0.4470555438064254,241,0.11,False,0
1098,0.4603582712019263,0.86456360952267,725,0.859,False,0
1099,0.5466482201877885,0.38040054897040965,674,0.874,False,0
1100,0.9768003285106593,0.11072059332631567,100,0.017,False,0
1101,0.4225484283119446,0.04202467517140529,100,0.475,False,0
1102,0.7399041207669304,0.9180765521991506,974,0.17,False,0
1103,0.28003732955048943,0.8583416767991209,1371,0.525,False,0
1104,0.29221823046189777,0.9107701616439152,569,0.459,False,0
1105,0.7539619035967839,0.8049067768414386,1851,0.173,False,0
1106,0.0180065556004545,0.962810357074026,206,0.006,False,0
1107,0.7266709920703233,0.3047510953861333,1725,0.603,False,0
1108,0.8293946648588469,0.28152119841492995,996,0.285,False,0
1109,0.872753839566128,0.11258039041193701,100,0.052,False,0
1110,0.7036859774607958,0.5406984766449103,533,0.813,False,0
1111,0.09653447019544081,0.24189382825883898,944,0.369,False,0
1112,0.01240403627731479,0.46876796546450583,100,0.042,False,0
1113,0.3012652607600004,0.5983574842977588,1570,0.378,False,0
1114,0.2972378077086172,0.2999191115069847,1554,0.802,False,0
1115,0.7431931987316034,0.04814283597835345,100,0.037,False,0
1116,0.9028949951919872,0.8522638743911815,1100,0.0,False,0
1117,0.6678046832264065,0.5932215701073843,421,0.815,False,0
1118,0.8923024981396522,0.18533017952871444,279,0.065,False,0
1119,0.07896916219082861,0.2395101699095381,632,0.39,False,0
1120,0.7945782787001903,0.03467026672648332,107,0.069,False,0
1121,0.5828068350834896,0.9954375161913099,115,0.311,False,0
1122,0.8556960938375394,0.5214456890435895,255,0.345,False,0
1123,0.06364090928664234,0.8313735143857098,684,0.0,False,0
1124,0.5989785081772105,0.11493299705956683,341,0.193,False,0
1125,0.0938572848233562,0.9096268194365924,414,0.018,False,0
1126,0.6692002629380784,0.8292867993167555,1124,0.453,False,0
1127,0.8789789002822673,0.5717723520483222,114,0.261,False,0
1128,0.5174463517550413,0.4304274103209902,546,0.856,False,0
1129,0.3169465877911193,0.43459596085871177,746,0.402,False,0
1130,0.7738796557301564,0.6019234310151316,498,0.458,False,0
1131,0.8925232899548461,0.4433800143791877,100,0.321,False,0
1132,0.607089578718754,0.6313075530919887,532,0.813,False,0
1133,0.5916971623063255,0.7026337730855163,796,0.768,False,0
1134,0.23743346837480628,0.5123637775457907,536,0.25,False,0
1135,0.10422480280834767,0.38451132764481255,433,0.279,False,0
1136,0.4876670686212644,0.6522242595454725,1503,0.842,False,0
1137,0.9505310525862035,0.6006510665483559,268,0.105,False,0
1138,0.7435939161765598,0.5062660594952028,399,0.777,False,0
1139,0.6341040313763313,0.07093221613377343,126,0.201,False,0
1140,0.254391580841847,0.3618530932051387,1165,0.519,False,0
1141,0.47249335500651357,0.045648745502383736,100,0.366,False,0
1142,0.14002409755331768,0.2768143077913058,1194,0.502,False,0
1143,0.9715326909010507,0.33134700710305076,100,0.109,False,0
1144,0.48204105811208253,0.19609771273839294,529,0.618,False,0
1145,0.6107800710757683,0.2806832155159743,1522,0.64,False,0
1146,0.20699257843842678,0.5165726284459791,632,0.21,False,0
1147,0.005505799160420821,0.0076640326492253275,100,0.174,False,0
1148,0.21906880910185778,0.03672136250082114,344,0.51,False,0
1149,0.10802575413069138,0.3388606493387516,655,0.287,False,0
1150,0.8025856795798129,0.5720486433693008,489,0.457,False,0
1151,0.5126677259564164,0.29348882320812164,638,0.714,False,0
1152,0.9317537194328164,0.39701504123719167,208,0.131,False,0
1153,0.08709276679577149,0.6170665161178013,684,0.039,False,0
1154,0.11383839347660141,0.3452231428016921,656,0.338,False,0
1155,0.5074119387178089,0.8742225246851758,426,0.762,False,0
1156,0.49354658034011867,0.7022587660316643,1488,0.944,False,0
1157,0.9928168389990704,0.13148911989798162,100,0.025,False,0
1158,0.2747315255195195,0.3945760755976464,954,0.491,False,0
1159,0.42182817853883137,0.41102107526554577,403,0.66,False,0
1160,0.9076110025565549,0.7140326444668564,1030,0.124,False,0
1161,0.6079052140907037,0.3093727178627821,1287,0.752,False,0
1162,0.8237903842212947,0.9550605114849889,903,0.039,False,0
1163,0.8211982825502265,0.0015651051914729042,100,0.003,False,0
1164,0.636401370183407,0.051135381442100725,219,0.108,False,0
1165,0.25760722033372185,0.059524700347771686,547,0.596,False,0
1166,0.6037954529493877,0.6865899134926068,674,0.692,False,0
1167,0.11448763806590512,0.3838388830449795,561,0.311,False,0
1168,0.456236508955542,0.3690530217609166,584,0.752,False,0
1169,0.12102500048519305,0.4189477901874754,237,0.215,False,0
1170,0.7511780478084181,0.07100766453325547,306,0.054,False,0
1171,0.08018001408190345,0.3547712918359842,257,0.205,False,0
1172,0.941725711618925,0.668572646722914,416,0.067,False,0
1173,0.6786699566725648,0.36191999083786497,1686,0.779,False,0
1174,0.5936607912085384,0.010131184027743378,100,0.171,False,0
1175,0.6360960464095422,0.9132869475762367,414,0.343,False,0
1176,0.6125734683448192,0.873698593466345,558,0.494,False,0
1177,0.7239730554660938,0.12055841640369025,742,0.109,False,0
1178,0.9024533072858417,0.06644384435577488,100,0.052,False,0
1179,0.5339674725477638,0.14213712379345766,279,0.41,False,0
1180,0.011706610730904066,0.422034260127639,222,0.032,False,0
1181,0.29504070765415624,0.486000493797603,760,0.386,False,0
1182,0.5771998867345508,0.04373907230894736,110,0.182,False,0
1183,0.12300329512374564,0.5586423964504253,412,0.095,False,0
1184,0.34316735317265823,0.729173487549448,2000,0.731,False,0
1185,0.6522916485919397,0.8456043629899068,1008,0.515,False,0
1186,0.6924928266692253,0.42993107739014813,1072,0.992,False,0
1187,0.6729666223944324,0.2753811742554185,1657,0.542,False,0
1188,0.3063134987782127,0.7889851599207933,2000,0.678,False,0
1189,0.4464195164015822,0.7983803405183525,1405,0.98,False,0
1190,0.8224223736682784,0.8575623376612838,1604,0.091,False,0
1191,0.9166352358412073,0.43098522051329624,320,0.179,False,0
1192,0.31886681832113883,0.5821987465941139,1403,0.387,False,0
1193,0.3711724234376276,0.601074166800233,1477,0.521,False,0
1194,0.7055858626438246,0.6884050184921369,1047,0.516,False,0
1195,0.37455288702012135,0.16686020169875282,875,0.892,False,0
1196,0.43052933846220753,0.14259414408190874,505,0.619,False,0
1197,0.8900970351838083,0.3458774607378574,595,0.242,False,0
1198,0.15445974722332378,0.025447759905750877,138,0.371,False,0
1199,0.6458223862864843,0.6369023174547432,535,0.727,False,0
1200,0.34060416658129167,0.071711888847651,409,0.682,False,0
1201,0.409628894895232,0.3112174950633936,632,0.802,False,0
1202,0.6771206397350094,0.6057792494526903,476,0.745,False,0
1203,0.36459372819754,0.2178925542549901,1330,0.91,False,0
1204,0.9880359661555919,0.45400162119611487,100,0.061,False,0
1205,0.688274235780237,0.14055296757836078,739,0.149,False,0
1206,0.4855896996593978,0.027536719869465487,125,0.302,False,0
1207,0.50545511791045,0.9640174071177023,167,0.52,False,0
1208,0.3842067129858002,0.03899601257491159,201,0.491,False,0
1209,0.03095579091934353,0.3879867599468695,100,0.1,False,0
1210,0.16002493646319405,0.023352096328185912,246,0.334,False,0
1211,0.7562136139501768,0.4585230088818907,645,0.795,False,0
1212,0.2892447719726545,0.9000831830164807,742,0.451,False,0
1213,0.11613896020052561,0.9559188289553192,430,0.023,False,0
1214,0.3139667173773528,0.8884036723086812,1072,0.579,False,0
1215,0.6029428764794615,0.8267073597414875,712,0.629,False,0
1216,0.9840131632104643,0.2884054378187457,127,0.062,False,0
1217,0.961135485407593,0.38948189490242036,215,0.177,False,0
1218,0.3855119047369223,0.3403871042545057,810,0.748,False,0
1219,0.5414076073475852,0.1541450431784871,500,0.427,False,0
1220,0.5537114853580112,0.541704812410004,451,0.854,False,0
1221,0.76190181260487,0.8336499619375856,1760,0.168,False,0
1222,0.44044135031242404,0.30233324935149375,670,0.798,False,0
1223,0.25933489731709447,0.19462383670487193,1630,0.866,False,0
1224,0.05764758219902488,0.34244797883471334,271,0.204,False,0
1225,0.27024769213078326,0.9664173858664074,406,0.289,False,0
1226,0.5577088262500439,0.34727703903050755,816,0.821,False,0
1227,0.580467600993696,0.1391967013456955,422,0.344,False,0
1228,0.4440437492022029,0.6262343214210638,1477,0.763,False,0
1229,0.4888978317924514,0.40177880065432425,357,0.828,False,0
1230,0.9938483888996982,0.880314762148927,560,0.0,False,0
1231,0.6234059581594401,0.5693773611822828,498,0.889,False,0
1232,0.620660479824584,0.20131210782243325,1199,0.399,False,0
1233,0.3951377432643186,0.03945953289089932,100,0.447,False,0
1234,0.47554603748682667,0.5430245839576632,722,0.765,False,0
1235,0.2277497361032096,0.9640288471655137,310,0.277,False,0
1236,0.909454610937242,0.7221432354559059,907,0.069,False,0
1237,0.5333866287653626,0.869969159647685,434,0.775,False,0
1238,0.1306523438234629,0.790509794274885,1647,0.128,False,0
1239,0.1248208139668483,0.7942106625494054,1445,0.095,False,0
1240,0.27576756825135695,0.8770905810181889,1281,0.403,False,0
1241,0.9440420938253978,0.14879596940511564,151,0.006,False,0
1242,0.4626756050653935,0.9809873781626851,322,0.447,False,0
1243,0.4834074359731466,0.8635475225145451,559,0.91,False,0
1244,0.5887315221313199,0.37532990791960186,1096,0.89,False,0
1245,0.2857835555258702,0.20322309108608727,1691,0.937,False,0
1246,0.7617981913776972,0.3865405068230279,1142,0.711,False,0
1247,0.5112754622007512,0.4923254800011819,519,0.791,False,0
1248,0.5772790292331312,0.8655771456245522,545,0.628,False,0
1249,0.9807393435834294,0.40758420857381694,100,0.106,False,0
1250,0.8275189221063031,0.7645277946547177,1615,0.157,False,0
1251,0.5735289514555733,0.9560471436119331,140,0.448,False,0
1252,0.20047451552840279,0.10926421030962141,995,0.661,False,0
1253,0.8539619669554221,0.4391498166337483,421,0.416,False,0
1254,0.8469688542070605,0.8930902051954149,1297,0.055,False,0
1255,0.06245759361907144,0.8834647629860607,450,0.047,False,0
1256,0.4483190553694222,0.5104324890042322,530,0.632,False,0
1257,0.6265925110932102,0.9263826067300868,502,0.381,False,0
1258,0.01911609442976403,0.4768434683178171,100,0.014,False,0
1259,0.6877220424305607,0.7227069576982285,1014,0.487,False,0
1260,0.692532431537108,0.13443512940812186,697,0.154,False,0
1261,0.29939558837168123,0.35871552541701346,1140,0.728,False,0
1262,0.804437207679505,0.278759872414553,1199,0.332,False,0
1263,0.21070496386720317,0.9574480190380962,485,0.143,False,0
1264,0.0088632851134689,0.9978208556819782,115,0.003,False,0
1265,0.6768212988573956,0.8284692994491171,1163,0.405,False,0
1266,0.29461939634619316,0.014315277667059978,165,0.524,False,0
1267,0.73786951856153,0.8341445970006758,1507,0.205,False,0
1268,0.7404761319535191,0.1428502873008386,817,0.096,False,0
1269,0.7534279222569691,0.768922782107641,1706,0.277,False,0
1270,0.6585405156700549,0.7661159327955862,907,0.478,False,0
1271,0.8459214396777321,0.6136041142374584,558,0.268,False,0
1272,0.08860471396967906,0.48762780966721087,100,0.08,False,0
1273,0.07764933467160506,0.40754303103243084,295,0.153,False,0
1274,0.40710648912562764,0.06600984414024158,401,0.559,False,0
1275,0.3488205339694793,0.11099809879131484,586,0.756,False,0
1276,0.8082352100092222,0.9476880259644708,775,0.043,False,0
1277,0.0723164752579386,0.9551152072917014,302,0.033,False,0
1278,0.5225765993367452,0.2995656779538739,609,0.736,False,0
1279,0.07686207527616351,0.5006242680704178,155,0.073,False,0
1280,0.7945155444907487,0.7070864772666982,1392,0.258,False,0
1281,0.05022601146397376,0.07290183536790351,100,0.224,False,0
1282,0.4028732826326371,0.2952904940479433,816,0.827,False,0
1283,0.23238432305604784,0.2810044989087136,1785,0.78,False,0
1284,0.8034827432968846,0.9292280536318539,1042,0.015,False,0
1285,0.4051026945275664,0.9061110021324971,617,0.723,False,0
1286,0.32149570124788196,0.4764369863437916,567,0.418,False,0
1287,0.22602899781599972,0.640476042175844,1754,0.265,False,0
1288,0.9789811151748089,0.6034930960433786,149,0.05,False,0
1289,0.35781408411354887,0.6478174459905284,2000,0.579,False,0
1290,0.12292067846538757,0.8886590802653986,747,0.079,False,0
1291,0.5030839507798364,0.44934974203964206,395,0.828,False,0
1292,0.5858647884535192,0.6247838627894025,528,0.864,False,0
1293,0.07177580622651303,0.6826172212234024,909,0.033,False,0
1294,0.24193168031552958,0.7139526325065898,2000,0.385,False,0
1295,0.8225347943841967,0.8039585075525203,1681,0.108,False,0
1296,0.5525009674078891,0.5201698923107512,462,0.897,False,0
1297,0.14287596133941172,0.7753461504031356,1737,0.139,False,0
1298,0.27140938044671437,0.49669542281794654,681,0.321,False,0
1299,0.2842740929275167,0.13382836299969314,1048,0.868,False,0
1300,0.6295576968917366,0.05433203482290383,222,0.183,False,0
1301,0.7486452341262,0.31758679526111666,1685,0.535,False,0
1302,0.00013469300448532007,0.5111291392372298,118,0.041,False,0
1303,0.046851908527603126,0.27616955782089947,353,0.22,False,0
1304,0.7069764874557162,0.06268962162186587,266,0.043,False,0
1305,0.8393384923560023,0.003819922658583108,100,0.008,False,0
1306,0.24682386920190225,0.7409040561520714,2000,0.401,False,0
1307,0.3162701497293068,0.10189238806601353,557,0.863,False,0
1308,0.3602339188004279,0.27039328638452553,1211,0.879,False,0
1309,0.8427119021605549,0.31334791758514313,1059,0.28,False,0
1310,0.7889324717760072,0.8918721448107347,1310,0.104,False,0
1311,0.43381741957652953,0.909943143854392,438,0.673,False,0
1312,0.37731805396319285,0.9640784164901082,311,0.493,False,0
1313,0.08928952452557293,0.6870192665032427,1113,0.06,False,0
1314,0.49381404045692867,0.38764880545564706,574,0.815,False,0
1315,0.6327118787486009,0.7038570916343312,675,0.696,False,0
1316,0.004363269650309087,0.16695308874719872,232,0.148,False,0
1317,0.7130460506343187,0.6663854135782065,866,0.509,False,0
1318,0.9660475051286772,0.761037790250783,644,0.0,False,0
1319,0.950772707731338,0.702540501534807,615,0.015,False,0
1320,0.29805220863944315,0.10536492225085647,887,0.797,False,0
1321,0.7818238633449356,0.6441492214759159,868,0.345,False,0
1322,0.04818601239329623,0.36005046590097833,200,0.15,False,0
1323,0.9567998154842862,0.5004011457102012,144,0.11,False,0
1324,0.43272913601970464,0.457699605159294,424,0.659,False,0
1325,0.20888272400516372,0.3687071708647952,1069,0.532,False,0
1326,0.3698132559871766,0.0523550201874724,292,0.521,False,0
1327,0.7675676285179183,0.416504431903879,958,0.65,False,0
1328,0.8221798868164233,0.8503480011198954,1717,0.076,False,0
1329,0.21199405469865806,0.6573534821701286,1823,0.228,False,0
1330,0.4722818041629817,0.8801567379214851,507,0.831,False,0
1331,0.21574067917645412,0.6778132003100442,2000,0.24,False,0
1332,0.6077521222527226,0.2953014775718328,1373,0.682,False,0
1333,0.1366009036511726,0.6516397604772766,1370,0.11,False,0
1334,0.7385974581323307,0.31562734376335,1744,0.609,False,0
1335,0.6448326040223138,0.39513090761150327,1130,0.878,False,0
1336,0.7132068832826177,0.1992152748940531,1457,0.272,False,0
1337,0.8902150026361744,0.28740959646557973,530,0.185,False,0
1338,0.3677859877561529,0.058091952080349785,416,0.554,False,0
1339,0.1115122123212764,0.5158619027123281,302,0.139,False,0
1340,0.2675926767279715,0.8354802257421944,1752,0.456,False,0
1341,0.014693388654953843,0.3790940486719362,219,0.099,False,0
1342,0.3373455467690927,0.019327630917601035,316,0.497,False,0
1343,0.12436839900051022,0.41364267491863527,531,0.199,False,0
1344,0.49286458444744663,0.4042897472548691,515,0.736,False,0
1345,0.5309376784120938,0.5951316749056815,737,0.829,False,0
1346,0.00992382112783563,0.4640951594535039,100,0.077,False,0
1347,0.9634992408875883,0.5190322801295487,103,0.113,False,0
1348,0.6775422674589532,0.3118638579168832,1838,0.653,False,0
1349,0.7739913781527625,0.7729214818761151,1708,0.233,False,0
1350,0.521296047654139,0.9760138232792136,211,0.451,False,0
1351,0.12555021476265338,0.016947664889580993,275,0.249,False,0
1352,0.770158211757096,0.8071555373648825,1679,0.186,False,0
1353,0.12020722912057624,0.2655828329586061,928,0.479,False,0
1354,0.01755236336662891,0.2933086107805647,247,0.235,False,0
1355,0.7731418739186715,0.5179605277125789,427,0.683,False,0
1356,0.3480955931682881,0.3717392949063303,793,0.693,False,0
1357,0.0013536257154681541,0.2998005275652359,301,0.117,False,0
1358,0.6464587416379305,0.9741944438163571,327,0.213,False,0
1359,0.8470608269838995,0.023594964645529126,100,0.013,False,0
1360,0.8985606046748393,0.7831984132986259,1157,0.051,False,0
1361,0.7803761235709804,0.4579957590035715,531,0.647,False,0
1362,0.3980052929545028,0.3029157288331926,869,0.804,False,0
1363,0.06569485895436578,0.2282353634936991,373,0.324,False,0
1364,0.24660363497802462,0.4840770697102016,650,0.288,False,0
1365,0.747444406596694,0.4738098283979466,615,0.803,False,0
1366,0.057844449447160606,0.9577898009882039,461,0.035,False,0
1367,0.9427243190941123,0.7851895431484084,1065,0.01,False,0
1368,0.9913279015642206,0.5444823328002629,100,0.063,False,0
1369,0.9627683502532061,0.07560504061675077,100,0.0,False,0
1370,0.3656807482613713,0.22538126800676583,1218,0.97,False,0
1371,0.19583308413427003,0.14080294889267608,1210,0.704,False,0
1372,0.6224136415659967,0.7813218557473051,724,0.616,False,0
1373,0.5782983994203607,0.14696270958820967,363,0.304,False,0
1374,0.8111237699334709,0.6359547071637285,681,0.414,False,0
1375,0.3881657061269955,0.674130295536063,2000,0.701,False,0
1376,0.25990497924283285,0.3451922084942105,1368,0.629,False,0
1377,0.9174858431319902,0.2905045056714204,432,0.151,False,0
1378,0.4699882681579366,0.8901411373960146,440,0.816,False,0
1379,0.7077213502675275,0.06220322616470275,100,0.097,False,0
1380,0.14730304427897034,0.007841590771916818,231,0.339,False,0
1381,0.6309217902291634,0.4476734254104183,692,1.0,False,0
1382,0.13427485090227553,0.9579341210567704,199,0.047,False,0
1383,0.5296597239456199,0.24189329411288918,715,0.614,False,0
1384,0.5006035711547075,0.6796203327351078,1429,0.894,False,0
1385,0.07623921797356448,0.274703815047892,608,0.375,False,0
1386,0.8069654908839936,0.45966487040266124,495,0.54,False,0
1387,0.5465771420322949,0.43281600220946925,518,0.94,False,0
1388,0.04389994264300512,0.16574977982015593,292,0.256,False,0
1389,0.4455416387418909,0.20918546540792782,485,0.771,False,0
1390,0.04997902865967874,0.8436496640518237,562,0.034,False,0
1391,0.9811925291641158,0.7931428739967394,616,0.0,False,0
1392,0.853784921704667,0.24197713031704537,730,0.2,False,0
1393,0.9606269755131998,0.19692570445342839,131,0.058,False,0
1394,0.9514298103618323,0.994819293965951,137,0.03,False,0
1395,0.7117228057460487,0.9811437317918219,428,0.129,False,0
1396,0.5695397795671037,0.25954178317609033,820,0.596,False,0
1397,0.43699588566562086,0.593560935378786,1303,0.643,False,0
1398,0.07308156202701499,0.6223432646172461,739,0.065,False,0
1399,0.9811778367622945,0.19010764978372763,100,0.04,False,0
1400,0.7925951162883833,0.9078987937796194,1154,0.054,False,0
1401,0.9437015928202208,0.9601356044054472,387,0.0,False,0
1402,0.5214596387214719,0.9773079079915037,224,0.443,False,0
1403,0.7573102071344389,0.1616714362369619,790,0.115,False,0
1404,0.47690010646797,0.718331175372004,1553,0.909,False,0
1405,0.24734031581908333,0.6406151835488874,1659,0.257,False,0
1406,0.6666004790466192,0.1626997438085659,911,0.236,False,0
1407,0.5650853124527563,0.7716269109786077,1023,0.791,False,0
1408,0.4988956645359419,0.012103116776107425,100,0.179,False,0
1409,0.009038469079292177,0.3570293439700122,161,0.169,False,0
1410,0.926194068431782,0.22867677960360877,281,0.116,False,0
1411,0.6343636888716871,0.22207587069332058,1264,0.415,False,0
1412,0.3216699896595486,0.848042089601484,1386,0.657,False,0
1413,0.7288614422699469,0.09539927731321063,474,0.101,False,0
1414,0.4287020209864336,0.029169763645264468,138,0.426,False,0
1415,0.480890146603009,0.6624340117010681,1487,0.833,False,0
1416,0.11850262359815156,0.28888493890916567,860,0.453,False,0
1417,0.3978366255021569,0.9195310246560497,616,0.653,False,0
1418,0.993255015422964,0.044911298995615856,100,0.0,False,0
1419,0.761007923495392,0.37172406640234323,1282,0.681,False,0
1420,0.39245818622948003,0.7542649733470227,2000,0.918,False,0
1421,0.9184264321454086,0.9509285945025484,461,0.085,False,0
1422,0.5771225860383208,0.3571211593005028,928,0.814,False,0
1423,0.7875490858587793,0.25100138326230026,1208,0.324,False,0
1424,0.5640740288335178,0.35857846152487316,751,0.832,False,0
1425,0.6566310737078761,0.2403989128935069,1534,0.492,False,0
1426,0.19159294573482577,0.9182390866754371,601,0.146,False,0
1427,0.1018036829495369,0.5059579077349317,173,0.048,False,0
1428,0.22085278296300892,0.03892996332566745,206,0.472,False,0
1429,0.03601881829142639,0.17522177210582734,295,0.236,False,0
1430,0.8667703545060003,0.28247874397702666,666,0.195,False,0
1431,0.9504591705752957,0.5816222929891935,143,0.134,False,0
1432,0.4366141897687661,0.5800888346694546,1080,0.703,False,0
1433,0.5166983852262678,0.7587762537573252,1061,0.945,False,0
1434,0.28249606597285226,0.3530503916003024,1264,0.698,False,0
1435,0.8940943025332507,0.9464565131504055,584,0.025,False,0
1436,0.8925582274864745,0.4194479939573136,336,0.252,False,0
1437,0.7803655030068817,0.4763357333010988,466,0.714,False,0
1438,0.4975398521461022,0.20468010905728395,530,0.597,False,0
1439,0.5911303032585165,0.18613589775334793,892,0.426,False,0
1440,0.33156469906719377,0.8550302016199351,1384,0.718,False,0
1441,0.20707580921085522,0.07115828517343281,523,0.582,False,0
1442,0.0690075926128163,0.9407845205031079,306,0.0,False,0
1443,0.5069204379618346,0.40941207181701833,447,0.791,False,0
1444,0.8108785810079184,0.835825927910516,1717,0.139,False,0
1445,0.3321910331156046,0.6936180574737952,2000,0.61,False,0
1446,0.7711228158518866,0.6546506868659545,859,0.391,False,0
1447,0.15159507480009937,0.875883083517057,1046,0.167,False,0
1448,0.5390945527360087,0.2824724263700037,742,0.713,False,0
1449,0.4252281854376939,0.03757109039890738,100,0.428,False,0
1450,0.12786680122241756,0.7655467505158609,1497,0.113,False,0
1451,1.1634755366141114e-05,0.4165658284822922,100,0.054,False,0
1452,0.5225101810855884,0.054634420000972295,100,0.29,False,0
1453,0.9730781629723328,0.22612533124967193,124,0.06,False,0
1454,0.30419871963628087,0.30394251225502733,1412,0.808,False,0
1455,0.2304166621173499,0.001473822086311416,249,0.423,False,0
1456,0.7293447940879964,0.9668454997992854,582,0.116,False,0
1457,0.22429348328504506,0.6630471918034224,1791,0.234,False,0
1458,0.7418963269587151,0.8484253790905247,1542,0.179,False,0
1459,0.4226291970136091,0.30293090564042924,777,0.763,False,0
1460,0.3252951340230311,0.7126213330985128,2000,0.618,False,0
1461,0.816779466505636,0.18161396775660266,722,0.172,False,0
1462,0.3709410081577652,0.90194019674915,650,0.65,False,0
1463,0.8066935196947392,0.9848584027624758,556,0.045,False,0
1464,0.7542482596820808,0.39319520102792227,1107,0.699,False,0
1465,0.5906378339946378,0.6610142542473203,560,0.791,False,0
1466,0.07845581631712395,0.5444969591038651,271,0.006,False,0
1467,0.7093208284726096,0.16732130400106038,964,0.208,False,0
1468,0.7806317174255571,0.5837727805141116,413,0.507,False,0
1469,0.9522217856975946,0.042422298206891695,100,0.02,False,0
1470,0.26532613755546697,0.6015538792998241,1399,0.298,False,0
1471,0.2965599122059307,0.7144241640712422,2000,0.497,False,0
1472,0.759005282521931,0.10251596406647445,408,0.112,False,0
1473,0.5138544642067677,0.5088905555910559,485,0.833,False,0
1474,0.36928077021554107,0.9329248625696721,420,0.586,False,0
1475,0.8275063198732212,0.6972093819096368,1316,0.197,False,0
1476,0.7143266357349976,0.4617161438131191,661,0.873,False,0
1477,0.9209945210965759,0.6945954272532854,776,0.083,False,0
1478,0.7289810616558164,0.8616909037873453,1435,0.231,False,0
1479,0.274071589342191,0.807070903866703,2000,0.459,False,0
1480,0.19524060295649204,0.34534195224488784,1178,0.497,False,0
1481,0.3356104542698427,0.9785254683891406,218,0.378,False,0
1482,0.8565372237479268,0.7011698615902597,1234,0.154,False,0
1483,0.7270567616153901,0.5620727944025711,280,0.753,False,0
1484,0.9470906671085191,0.49625875288236154,100,0.135,False,0
1485,0.3805177098698945,0.163035336931591,761,0.827,False,0
1486,0.786205652261058,0.7344439320755914,1651,0.21,False,0
1487,0.3843550385241349,0.02519341395922936,200,0.427,False,0
1488,0.8389973277180107,0.011417983454073632,100,0.0,False,0
1489,0.703699779629051,0.970257109726057,457,0.175,False,0
1490,0.43766132814820347,0.23497340499595276,620,0.752,False,0
1491,0.7048710100433817,0.8171281420155851,1289,0.334,False,0
1492,0.5464303160778473,0.9670352752561462,228,0.401,False,0
1493,0.0516687216579611,0.5047955983045281,100,0.035,False,0
1494,0.7184539473225501,0.862640471149179,1396,0.229,False,0
1495,0.17925561190779005,0.8000034817636814,1926,0.272,False,0
1496,0.5527070757185453,0.3965536819899632,769,0.879,False,0
1497,0.13171502857909356,0.8652957589089124,985,0.05,False,0
1498,0.15727320817971535,0.30978785920909924,1170,0.439,False,0
1499,0.2900455319624369,0.8714140341908543,1126,0.513,False,0
