source,destination,distance,road_capacity,flood_risk
0,1312,0.01365,1840,0.506
0,1474,0.01855,1661,0.552
0,69,0.02373,1866,0.484
0,357,0.03328,604,0.491
1,231,0.02077,1045,0.614
1,797,0.02167,879,0.659
1,355,0.02839,609,0.581
1,279,0.03169,1044,0.594
2,700,0.01602,853,0.662
2,416,0.02541,1242,0.603
2,433,0.02595,816,0.639
2,294,0.02827,1789,0.544
3,264,0.00224,1588,0.048
3,597,0.01346,832,0.021
3,1255,0.01783,1656,0.027
3,1390,0.02394,1091,0.021
4,1133,0.01088,1282,0.752
4,699,0.01608,1039,0.717
4,640,0.01794,1234,0.727
4,1166,0.02165,1120,0.714
5,1106,0.00755,1118,0.007
5,235,0.00843,1892,0.005
5,156,0.00869,1408,0.004
5,913,0.02141,1491,0.018
6,935,0.0147,598,0.147
6,555,0.02055,816,0.175
6,946,0.03342,622,0.162
6,647,0.03411,1843,0.167
7,700,0.02163,1298,0.706
7,427,0.02443,956,0.739
7,310,0.02608,1021,0.722
7,433,0.02663,1019,0.683
8,23,0.00882,1416,0.311
8,51,0.01909,1216,0.337
8,851,0.0201,814,0.316
8,710,0.02119,1208,0.325
9,1222,0.01398,1209,0.792
9,1459,0.01496,1543,0.774
9,263,0.02472,1059,0.781
9,1282,0.02935,1468,0.806
10,996,0.00445,1653,0.223
10,1083,0.02592,1816,0.249
10,543,0.02758,1655,0.279
10,1124,0.02773,855,0.223
11,328,0.00899,1577,0.636
11,1261,0.01054,1389,0.662
11,482,0.01123,1292,0.635
11,1434,0.01644,1910,0.647
12,885,0.00338,764,0.988
12,1003,0.01057,1481,0.976
12,1189,0.01636,1738,0.978
12,602,0.03576,1983,0.986
13,1146,0.00768,1981,0.192
13,1046,0.00997,1301,0.151
13,769,0.02126,542,0.161
13,813,0.02163,1361,0.164
14,488,0.00564,1801,0.11
14,1182,0.01545,1653,0.158
14,142,0.01761,849,0.111
14,248,0.03249,1629,0.164
15,543,0.00683,1411,0.311
15,948,0.01943,500,0.311
15,785,0.02109,1083,0.296
15,1439,0.02265,931,0.371
16,1442,0.00902,1829,0.02
16,1277,0.00957,552,0.037
16,1366,0.01146,1439,0.038
16,760,0.01522,1019,0.037
17,877,0.01233,1853,0.032
17,1391,0.02179,1848,0.032
17,526,0.02825,1637,0.032
17,1367,0.03261,646,0.036
18,861,0.00363,1689,0.781
18,1320,0.01011,1902,0.783
18,1307,0.0124,1662,0.816
18,61,0.01824,1128,0.788
19,888,0.00466,798,0.939
19,603,0.00583,1799,0.97
19,493,0.00676,1288,0.974
19,627,0.00994,1349,0.97
20,227,0.01114,677,0.057
20,639,0.02079,1341,0.1
20,1427,0.02293,1877,0.059
20,1339,0.02321,1677,0.105
21,890,0.00857,1724,0.034
21,468,0.01675,1377,0.024
21,236,0.02018,1638,0.041
21,727,0.022,1258,0.05
22,92,0.00267,1591,0.318
22,1014,0.00865,1968,0.32
22,354,0.01943,944,0.338
22,1405,0.02471,1849,0.285
23,51,0.0118,1207,0.333
23,710,0.01358,1101,0.321
23,851,0.01393,1882,0.312
24,1219,0.03116,644,0.439
24,875,0.03242,774,0.457
24,785,0.04331,1008,0.363
24,1439,0.04444,1702,0.438
25,1318,0.01453,1252,0.027
25,1039,0.01572,976,0.044
25,1391,0.02143,1937,0.027
25,877,0.02714,1676,0.027
26,244,0.01183,1627,0.04
26,91,0.02291,1598,0.044
26,183,0.02411,1651,0.018
26,256,0.02955,1165,0.02
27,242,0.02477,1067,0.508
27,1257,0.02904,1868,0.426
27,591,0.03618,1030,0.415
27,1175,0.03915,658,0.407
28,975,0.02463,1949,0.366
28,566,0.02532,1180,0.355
28,923,0.03304,522,0.42
28,1363,0.0395,1570,0.333
29,409,0.01372,1024,0.18
29,970,0.01603,1228,0.195
29,1224,0.02115,643,0.195
29,519,0.02249,1167,0.218
30,613,0.00937,1942,0.871
30,435,0.01538,1180,0.872
30,564,0.01975,1472,0.879
30,263,0.02622,1298,0.821
31,146,0.00703,584,0.406
31,570,0.00982,915,0.445
31,453,0.01873,1193,0.44
31,1044,0.02458,981,0.436
32,463,0.0123,955,0.259
32,470,0.01339,1326,0.259
32,986,0.02584,796,0.254
32,939,0.02783,1635,0.281
33,363,0.00702,1753,0.101
33,377,0.00834,1619,0.134
33,1238,0.01556,1449,0.122
33,1239,0.01798,1179,0.106
34,220,0.01029,877,0.038
34,352,0.01159,1679,0.013
34,423,0.01471,920,0.013
34,857,0.01823,604,0.015
35,344,0.01199,829,0.174
35,148,0.01725,938,0.264
35,952,0.02678,1655,0.219
35,946,0.02833,881,0.216
36,985,0.02474,637,0.013
36,305,0.03741,1442,0.013
36,1390,0.05264,1342,0.017
36,1032,0.05484,769,0.007
37,1259,0.02015,895,0.452
37,133,0.02829,1412,0.436
37,1194,0.04062,963,0.467
37,209,0.04154,949,0.451
38,1170,0.02032,1854,0.054
38,540,0.02153,1776,0.063
38,962,0.02974,1808,0.065
38,1472,0.031,1797,0.084
39,214,0.00765,519,0.782
39,1275,0.01081,738,0.779
39,761,0.01599,1793,0.743
39,90,0.01756,917,0.803
40,1271,0.01973,1833,0.259
40,522,0.02405,1554,0.205
40,474,0.02804,1627,0.233
40,114,0.02999,685,0.199
41,1200,0.01268,1651,0.67
41,847,0.03693,1733,0.656
41,1338,0.03729,1937,0.606
41,984,0.03754,1804,0.553
42,208,0.01811,752,0.752
42,1454,0.0223,518,0.773
42,1114,0.02876,1211,0.77
42,763,0.03165,1659,0.756
43,389,0.01022,722,0.512
43,438,0.02535,502,0.521
43,997,0.02916,1759,0.447
43,279,0.03081,1353,0.515
44,297,0.00973,1988,0.287
44,618,0.02288,727,0.339
44,460,0.02414,1412,0.329
44,1131,0.02932,998,0.308
45,190,0.01657,1020,0.112
45,934,0.01759,1201,0.163
45,359,0.01824,1416,0.101
45,217,0.03755,1662,0.097
46,225,0.01661,1799,0.621
46,589,0.02001,790,0.668
46,231,0.02656,1576,0.629
46,1468,0.03,1633,0.585
47,324,0.01879,1214,0.667
47,1437,0.01983,1447,0.714
47,1355,0.02426,1147,0.699
47,371,0.025,1527,0.752
48,866,0.00455,1183,0.901
48,1128,0.00602,1369,0.861
48,431,0.01333,1570,0.841
48,1007,0.01909,593,0.881
49,441,0.00685,1439,0.171
49,166,0.01373,1059,0.169
49,708,0.0199,712,0.196
49,449,0.0256,935,0.154
50,788,0.00957,1351,0.003
50,774,0.01242,1007,0.021
50,1009,0.02902,1335,0.01
50,420,0.03274,1150,0.009
51,710,0.00224,704,0.346
51,851,0.00351,880,0.337
51,642,0.01517,1596,0.361
52,1001,0.00134,1599,0.178
52,75,0.00976,576,0.13
52,927,0.01174,1315,0.152
52,615,0.02357,1267,0.12
53,553,0.01439,909,0.895
53,1420,0.01797,605,0.903
53,532,0.02105,1050,0.893
53,402,0.02354,1999,0.907
54,746,0.00408,1325,0.641
54,695,0.00805,1798,0.661
54,787,0.02228,587,0.649
54,1441,0.02249,1380,0.629
55,193,0.01796,1600,0.922
55,1299,0.02794,1600,0.887
55,246,0.02961,1965,0.928
55,954,0.03917,1039,0.894
56,526,0.01323,744,0.032
56,253,0.02367,1077,0.059
56,1367,0.02637,1905,0.037
56,17,0.03594,1481,0.064
57,714,0.00672,1216,0.448
57,191,0.00749,641,0.456
57,1176,0.02095,1392,0.458
57,109,0.02753,1891,0.437
58,442,0.00886,1607,0.137
58,647,0.01393,1666,0.194
58,1461,0.01401,851,0.172
58,946,0.01783,1044,0.188
59,525,0.02067,1412,0.282
59,1050,0.0234,651,0.215
59,407,0.03056,1681,0.305
59,1127,0.03516,1969,0.247
60,776,0.01671,1152,0.039
60,1400,0.01897,1457,0.042
60,1310,0.01898,1262,0.068
60,779,0.03266,1826,0.044
61,1307,0.00834,1123,0.835
61,861,0.01726,1155,0.8
61,1320,0.02049,949,0.802
62,415,0.02555,1220,0.35
62,1038,0.02646,1747,0.357
62,988,0.03147,542,0.412
62,790,0.03642,763,0.434
63,1190,0.00543,1526,0.072
63,1328,0.01119,1791,0.065
63,776,0.02351,1095,0.051
63,1444,0.02591,1539,0.097
64,1302,0.00683,1857,0.021
64,1258,0.03602,1987,0.007
64,228,0.04232,1582,0.017
64,1112,0.04233,1512,0.021
65,1490,0.02399,676,0.785
65,164,0.02572,562,0.819
65,698,0.02982,1457,0.816
65,1389,0.03096,1502,0.794
66,918,0.00826,1060,0.368
66,1154,0.00971,1830,0.34
66,1149,0.0119,1769,0.314
66,1078,0.0244,1812,0.34
67,590,0.02742,1454,0.104
67,1143,0.02976,1855,0.126
67,662,0.03569,1349,0.106
67,1377,0.04142,1778,0.146
68,304,0.01989,1103,0.926
68,896,0.02372,1105,0.907
68,1156,0.02526,1329,0.935
68,658,0.02957,1986,0.925
69,1312,0.01571,1722,0.471
69,330,0.01655,1794,0.426
69,840,0.01794,1245,0.429
70,691,0.00943,1057,0.118
70,922,0.02232,563,0.104
70,859,0.02469,1753,0.08
70,77,0.02516,1441,0.087
71,1151,0.0171,748,0.732
71,1278,0.02536,1769,0.744
71,291,0.02826,1439,0.783
71,153,0.02916,656,0.765
72,118,0.01321,1234,0.553
72,1266,0.0246,1484,0.532
72,706,0.02521,1611,0.562
72,906,0.02542,1836,0.491
73,546,0.01017,1589,0.934
73,830,0.01579,1161,0.941
73,791,0.0162,1543,0.952
73,938,0.02004,532,0.913
74,1303,0.00525,1057,0.228
74,243,0.00646,572,0.236
74,999,0.00661,1324,0.254
74,308,0.00976,1866,0.244
75,1001,0.01018,1656,0.144
75,927,0.01657,1578,0.118
75,615,0.01712,560,0.086
76,639,0.00974,771,0.149
76,349,0.0126,745,0.173
76,20,0.02356,1699,0.12
76,131,0.02927,1127,0.165
77,859,0.00349,1840,0.049
77,544,0.01176,1204,0.058
77,1453,0.02029,1161,0.058
77,691,0.02285,1654,0.087
78,209,0.00925,1625,0.465
78,905,0.01215,809,0.485
78,1270,0.01432,1815,0.462
78,816,0.03459,994,0.446
79,388,0.01029,1884,0.367
79,1294,0.0149,837,0.374
79,1306,0.01566,1078,0.382
79,381,0.01911,509,0.404
80,174,0.00939,548,0.596
80,1289,0.01844,1122,0.597
80,180,0.02316,1844,0.653
80,596,0.02469,1230,0.551
81,587,0.00424,1294,0.951
81,912,0.01173,1470,0.969
81,378,0.01365,632,0.966
81,1029,0.01994,582,0.958
82,218,0.02209,556,0.058
82,385,0.0232,875,0.077
82,1123,0.02694,848,0.049
82,834,0.0316,770,0.084
83,1075,0.01926,610,0.94
83,1090,0.03036,1368,0.972
83,954,0.03813,1386,0.926
83,1245,0.03878,575,0.954
84,515,0.00657,1681,0.057
84,178,0.01515,828,0.048
84,382,0.02222,621,0.017
84,629,0.02507,540,0.048
85,960,0.02247,1690,0.06
85,862,0.04798,1421,0.075
85,173,0.05127,1141,0.093
85,593,0.05228,1546,0.083
86,346,0.01653,778,0.675
86,94,0.02333,1262,0.635
86,1383,0.02336,968,0.637
86,875,0.02582,1923,0.561
87,119,0.00276,508,0.301
87,1063,0.01345,512,0.277
87,176,0.01771,1423,0.246
87,903,0.01948,1422,0.276
88,793,0.01808,1575,0.893
88,1173,0.02768,1732,0.817
88,1186,0.04322,1925,0.923
88,617,0.04329,1714,0.871
89,1241,0.01344,1574,0.004
89,498,0.01943,1916,0.003
89,610,0.01957,1152,0.032
89,1006,0.03034,1120,0.033
90,1275,0.00814,1823,0.78
90,214,0.01048,695,0.782
90,761,0.01602,916,0.744
91,256,0.01385,1163,0.027
91,244,0.02878,1943,0.048
91,1116,0.03323,1879,0.025
92,1014,0.00598,647,0.325
92,354,0.02177,1500,0.343
92,1405,0.02208,1888,0.29
93,773,0.01228,863,0.451
93,1070,0.01452,901,0.451
93,764,0.02142,1105,0.454
93,1150,0.02232,728,0.419
94,1383,4e-05,1036,0.612
94,318,0.00303,767,0.629
94,346,0.02205,1928,0.65
95,799,0.00804,1534,0.069
95,200,0.01135,1843,0.069
95,1125,0.01243,625,0.053
95,655,0.01321,805,0.076
96,114,0.0086,1612,0.157
96,374,0.01073,1878,0.137
96,924,0.01854,1127,0.128
96,522,0.02249,1875,0.163
97,413,0.00766,1188,0.719
97,742,0.0225,1537,0.698
97,673,0.0229,1780,0.723
97,1356,0.02429,1732,0.709
98,1067,0.00952,780,0.19
98,315,0.01275,942,0.211
98,683,0.01565,1336,0.176
98,1102,0.02518,888,0.175
99,379,0.01106,1116,0.034
99,1360,0.01195,646,0.034
99,734,0.01652,1802,0.041
99,620,0.01875,1020,0.051
100,306,0.01433,1129,0.16
100,1139,0.0154,933,0.177
100,149,0.01918,643,0.163
100,964,0.01929,788,0.139
101,335,0.01188,1909,0.154
101,578,0.01794,513,0.141
101,476,0.02098,756,0.135
101,392,0.02229,1869,0.143
102,1174,0.0128,1868,0.164
102,142,0.03883,1923,0.122
102,14,0.0398,1730,0.145
102,488,0.04373,1357,0.121
103,731,0.00763,1442,0.061
103,1043,0.00782,1695,0.074
103,273,0.01453,963,0.084
103,186,0.02073,769,0.081
104,1316,0.00618,1744,0.146
104,437,0.02085,1675,0.177
104,848,0.03299,1122,0.172
104,1429,0.03415,1706,0.191
105,646,0.01896,1922,0.82
105,160,0.02271,571,0.849
105,665,0.0281,1941,0.83
105,68,0.03194,1806,0.882
106,853,0.01385,573,0.426
106,443,0.01394,854,0.441
106,1425,0.01679,996,0.457
106,1411,0.01773,1851,0.418
107,607,0.02477,1487,0.352
107,280,0.0256,1079,0.351
107,486,0.03022,1409,0.315
107,766,0.0356,1970,0.452
108,581,0.01017,872,0.67
108,1184,0.02481,861,0.718
108,490,0.02597,592,0.728
108,518,0.02611,1844,0.689
109,1185,0.00449,823,0.484
109,471,0.01956,883,0.459
109,714,0.02145,1074,0.464
110,329,0.01195,1235,0.841
110,1096,0.0153,1236,0.828
110,562,0.01761,845,0.844
110,571,0.02057,1626,0.81
111,643,0.01805,1738,0.263
111,1171,0.0187,1715,0.248
111,1135,0.01983,1218,0.285
111,1167,0.02633,1280,0.301
112,1000,0.0046,1519,0.854
112,535,0.03279,1717,0.915
112,1019,0.04049,1903,0.845
112,1245,0.04567,1926,0.918
113,1217,0.01241,1163,0.156
113,733,0.01442,1099,0.134
113,1249,0.01642,510,0.12
113,614,0.01959,686,0.109
114,924,0.01554,1225,0.118
114,374,0.01599,1538,0.127
114,522,0.01644,1277,0.153
115,324,0.00703,1820,0.616
115,1060,0.00916,910,0.582
115,972,0.01589,1455,0.596
115,625,0.02119,1084,0.62
116,963,0.01615,1575,0.956
116,791,0.01808,1551,0.97
116,484,0.01953,1076,0.961
116,938,0.02078,1540,0.93
117,479,0.03289,1874,0.175
117,388,0.03401,1951,0.276
117,839,0.03504,1752,0.171
117,812,0.03808,1488,0.17
118,906,0.01608,1733,0.503
118,1266,0.01708,1954,0.545
118,706,0.03458,1817,0.575
119,1063,0.01553,1242,0.32
119,903,0.01784,1627,0.319
119,176,0.01938,703,0.289
120,1401,0.007,1576,0.0
120,1421,0.02224,1473,0.043
120,511,0.02348,1439,0.0
120,403,0.02901,1898,0.0
121,418,0.00776,1577,0.171
121,284,0.02438,1799,0.192
121,182,0.03101,1858,0.15
121,1152,0.03173,1554,0.152
122,468,0.01432,1658,0.023
122,727,0.01516,1581,0.049
122,650,0.01796,604,0.013
122,713,0.02574,1789,0.021
123,611,0.02341,752,0.607
123,337,0.02374,794,0.494
123,290,0.03372,1167,0.526
123,1016,0.03615,1681,0.532
124,261,0.01258,1048,0.009
124,339,0.0138,1130,0.011
124,405,0.02548,1590,0.028
124,832,0.02858,798,0.034
125,11,0.01888,1986,0.585
125,1158,0.02188,600,0.532
125,328,0.02447,1579,0.624
125,319,0.02639,831,0.554
126,1309,0.00915,1335,0.297
126,1430,0.03783,892,0.255
126,570,0.04067,1373,0.388
126,1108,0.04154,880,0.299
127,931,0.0142,591,0.157
127,508,0.01572,946,0.161
127,500,0.0216,608,0.127
127,451,0.02883,816,0.133
128,1477,0.01523,1691,0.082
128,724,0.01533,1958,0.06
128,1319,0.016,941,0.048
128,1172,0.02802,717,0.074
129,248,0.02372,1745,0.208
129,1024,0.0307,1172,0.238
129,429,0.0319,777,0.221
129,1124,0.03393,1508,0.207
130,585,0.00907,1068,0.309
130,1121,0.03265,1509,0.311
130,1358,0.03522,1374,0.263
130,1251,0.05364,965,0.38
131,147,0.0136,1338,0.123
131,639,0.01959,1253,0.145
131,1339,0.02868,1337,0.15
132,501,0.00962,529,0.141
132,671,0.01636,858,0.161
132,1022,0.02489,1811,0.133
132,1093,0.02604,585,0.118
133,1194,0.01648,1757,0.486
133,1259,0.02226,1246,0.472
133,576,0.02235,812,0.497
133,728,0.02703,864,0.497
134,901,0.0069,1404,0.845
134,534,0.008,1792,0.848
134,1308,0.02321,1197,0.867
134,435,0.0267,630,0.867
135,1295,0.01454,1302,0.082
135,1444,0.02576,1288,0.097
135,210,0.02713,850,0.118
135,703,0.03509,679,0.053
136,307,0.01003,1686,0.026
136,1053,0.01218,1619,0.034
136,551,0.02213,1273,0.047
136,1254,0.02846,1009,0.05
137,1473,0.00779,864,0.82
137,1247,0.00919,1480,0.799
137,750,0.02364,852,0.824
137,1042,0.02761,1299,0.838
138,573,0.00853,1959,0.367
138,502,0.01209,1606,0.339
138,917,0.01497,1748,0.335
138,1321,0.01747,911,0.367
139,653,0.0135,1234,0.327
139,1491,0.02153,1480,0.332
139,967,0.02711,617,0.361
139,1076,0.03181,981,0.304
140,1197,0.00788,691,0.213
140,284,0.01748,1090,0.198
140,418,0.03482,1089,0.176
140,121,0.04065,1158,0.179
141,224,0.0105,606,0.654
141,497,0.0148,881,0.662
141,761,0.02509,1282,0.677
141,847,0.02704,889,0.662
142,1182,0.00787,743,0.136
142,488,0.02285,1084,0.087
142,1174,0.03005,1368,0.13
143,181,0.00792,967,0.694
143,1234,0.00996,1365,0.75
143,715,0.02915,1433,0.699
143,688,0.03444,1733,0.692
144,348,0.00982,1103,0.25
144,679,0.00983,1514,0.278
144,496,0.01441,1596,0.28
144,1113,0.01654,1832,0.322
145,167,0.01587,1359,0.156
145,257,0.01836,1709,0.159
145,536,0.02266,1776,0.121
145,1005,0.0255,512,0.181
146,570,0.01255,798,0.422
146,453,0.01908,1599,0.418
146,1044,0.02024,1574,0.414
147,1339,0.01681,1286,0.113
147,20,0.02753,648,0.079
147,639,0.02799,621,0.108
148,952,0.02769,1734,0.255
148,344,0.02878,1803,0.21
148,946,0.0323,1037,0.252
149,306,0.00616,1679,0.168
149,216,0.01645,1761,0.182
149,1139,0.01826,875,0.186
150,651,0.00995,581,0.007
150,212,0.0191,991,0.013
150,894,0.01979,855,0.058
150,802,0.02159,1424,0.036
151,821,0.02406,1796,0.821
151,163,0.02914,1567,0.853
151,1048,0.03707,1504,0.851
151,966,0.03941,622,0.873
152,1013,0.00721,1872,0.091
152,1456,0.00958,1207,0.117
152,1395,0.01531,829,0.123
152,944,0.01596,1932,0.108
153,806,0.01671,1490,0.77
153,1278,0.02422,822,0.758
153,291,0.02438,1634,0.797
154,1262,0.01218,1269,0.313
154,781,0.01519,1612,0.326
154,1423,0.02125,932,0.309
154,189,0.02221,1209,0.296
155,852,0.02721,1293,0.556
155,810,0.03199,1211,0.48
155,1274,0.03421,1622,0.54
155,404,0.03675,1038,0.543
156,1106,0.00735,1100,0.003
156,235,0.01505,1669,0.002
156,913,0.0176,756,0.015
157,1475,0.00856,1712,0.181
157,168,0.02094,1763,0.148
157,1482,0.0212,1370,0.16
157,1027,0.03037,1398,0.186
158,818,0.023,1308,0.768
158,846,0.02882,1176,0.782
158,1485,0.03023,770,0.803
158,1195,0.035,1049,0.836
159,684,0.02649,1637,0.661
159,467,0.02682,1862,0.631
159,300,0.03098,1067,0.603
159,1142,0.03123,1485,0.558
160,665,0.00767,858,0.841
160,809,0.01819,1857,0.841
160,947,0.01938,1692,0.826
161,609,0.00877,1862,0.574
161,1187,0.01356,1297,0.546
161,464,0.03464,1784,0.544
161,586,0.0348,1386,0.572
162,900,0.00168,1722,0.035
162,254,0.01319,710,0.021
162,1318,0.0257,786,0.002
162,223,0.03477,1242,0.009
163,966,0.01037,1995,0.877
163,401,0.0225,1546,0.859
163,1345,0.0287,1632,0.843
164,698,0.01133,795,0.817
164,1012,0.01245,505,0.81
164,1490,0.02211,1049,0.786
165,902,0.01794,1180,0.767
165,196,0.02454,1294,0.815
165,581,0.02531,702,0.701
165,490,0.02535,824,0.758
166,441,0.01309,1324,0.15
166,848,0.02225,743,0.173
166,708,0.02567,826,0.174
167,257,0.01438,1486,0.181
167,536,0.02319,1570,0.144
167,1005,0.02518,1260,0.204
168,1482,0.00271,1536,0.142
168,1022,0.01972,1406,0.107
168,671,0.02678,1903,0.135
169,637,0.00951,864,0.453
169,404,0.02796,1865,0.513
169,969,0.03181,1744,0.405
169,852,0.03554,572,0.526
170,1291,0.02671,1569,0.837
170,1247,0.02724,773,0.818
170,750,0.02805,707,0.843
170,137,0.03429,623,0.826
171,942,0.03066,1533,0.202
171,422,0.03117,1852,0.214
171,690,0.04385,1710,0.257
171,349,0.0509,1042,0.196
172,286,0.00654,559,0.613
172,174,0.0259,1398,0.581
172,180,0.02932,1385,0.638
172,612,0.03106,1281,0.668
173,1164,0.00598,941,0.116
173,1300,0.01059,1740,0.153
173,964,0.02084,1410,0.124
173,1139,0.02565,1525,0.163
174,180,0.02208,1331,0.635
174,286,0.02225,1507,0.611
174,1193,0.02502,1879,0.549
175,936,0.01602,1125,0.871
175,275,0.01756,1688,0.819
175,1155,0.01824,1497,0.801
175,1243,0.02095,1233,0.875
176,1406,0.00791,590,0.235
176,1057,0.01169,666,0.219
176,298,0.01291,1458,0.243
177,1398,0.02023,706,0.049
177,774,0.02869,1805,0.035
177,1153,0.03026,1588,0.036
177,103,0.03741,1015,0.058
178,515,0.01484,1680,0.078
178,382,0.01737,1246,0.038
178,629,0.03789,805,0.069
179,206,0.01057,894,0.16
179,1431,0.01193,1597,0.146
179,398,0.01314,686,0.163
179,342,0.02163,1860,0.179
180,730,0.00977,1122,0.698
180,286,0.02279,1229,0.668
181,1234,0.01749,739,0.709
181,715,0.03023,1032,0.657
181,688,0.03341,640,0.651
182,1152,0.01461,1788,0.129
182,1217,0.01996,638,0.152
182,232,0.02356,958,0.149
182,953,0.02461,569,0.115
183,244,0.01854,884,0.022
183,403,0.03359,1129,0.0
183,819,0.03805,697,0.001
184,1441,0.01143,704,0.548
184,301,0.02696,1067,0.545
184,299,0.02871,1481,0.486
184,746,0.03171,1304,0.559
185,1351,0.0248,1358,0.25
185,899,0.03015,1381,0.21
185,669,0.03117,1473,0.208
185,623,0.03366,1139,0.287
186,1313,0.00653,1954,0.069
186,608,0.01232,824,0.042
186,217,0.02072,941,0.072
187,519,0.0069,1303,0.249
187,970,0.01982,787,0.225
187,409,0.02309,725,0.21
187,29,0.02673,1587,0.216
188,1359,0.00221,1466,0.012
188,1488,0.01323,1437,0.005
188,1305,0.02022,1059,0.009
188,524,0.0253,1213,0.025
189,1262,0.0105,997,0.315
189,1108,0.01493,1348,0.291
189,914,0.0192,1425,0.323
190,273,0.02558,559,0.091
190,186,0.02741,1920,0.087
190,1313,0.03047,756,0.079
191,714,0.01396,1076,0.482
191,1176,0.0168,738,0.492
191,758,0.02768,537,0.444
192,194,0.0159,524,0.229
192,1105,0.01894,909,0.192
192,653,0.02106,960,0.268
192,1267,0.03079,1487,0.207
193,246,0.01165,1940,0.946
193,1245,0.02605,856,0.938
193,1223,0.02847,882,0.902
194,1105,0.00386,1681,0.21
194,1352,0.01955,1068,0.217
194,1221,0.02909,1956,0.208
195,614,0.00731,1571,0.081
195,1249,0.01099,1851,0.092
195,733,0.0145,932,0.106
195,537,0.01541,1954,0.067
196,949,0.0182,555,0.841
196,902,0.02238,1076,0.816
196,1420,0.03014,767,0.891
197,357,0.00816,568,0.537
197,1474,0.02856,1401,0.599
197,205,0.02889,1972,0.523
197,1008,0.03161,1292,0.621
198,1253,0.01109,756,0.404
198,1064,0.02356,1171,0.339
198,277,0.03136,989,0.387
198,736,0.03197,1245,0.372
199,1269,0.01461,548,0.282
199,1349,0.02954,815,0.26
199,1486,0.04065,912,0.248
199,1105,0.05046,933,0.23
200,1125,0.01166,1525,0.033
200,799,0.01936,1668,0.049
200,322,0.02053,1889,0.062
201,1074,0.01118,919,0.919
201,936,0.01426,1343,0.904
201,275,0.02973,1967,0.852
201,175,0.03011,1415,0.875
202,1214,0.00936,933,0.577
202,955,0.02377,1142,0.539
202,448,0.02691,556,0.512
202,1008,0.02763,1463,0.601
203,1487,0.01515,1476,0.416
203,1208,0.0286,1701,0.449
203,1233,0.02923,1816,0.426
203,462,0.03784,545,0.4
204,1178,0.02501,1693,0.026
204,1109,0.03896,1794,0.026
204,498,0.04707,916,0.002
204,1006,0.04797,1347,0.032
205,987,0.02263,638,0.407
205,458,0.0249,746,0.402
205,1481,0.0328,1671,0.406
206,1431,0.00819,729,0.148
206,1010,0.01843,1291,0.128
206,398,0.02027,1136,0.165
207,1381,0.0012,873,1.0
207,784,0.00864,1603,0.99
207,748,0.01947,1237,1.0
207,978,0.02924,1588,1.0
208,763,0.02294,587,0.77
208,1434,0.02664,1611,0.732
208,1454,0.02705,1212,0.787
209,905,0.01712,1727,0.504
209,1270,0.0196,1905,0.481
209,1259,0.03334,1100,0.485
210,1349,0.02425,1999,0.207
210,1352,0.02768,1038,0.183
210,738,0.03181,713,0.162
211,1272,0.00727,573,0.086
211,881,0.00924,560,0.093
211,1279,0.01563,1197,0.083
211,1427,0.01567,1742,0.071
212,651,0.00995,511,0.005
212,238,0.0168,1313,0.045
212,1466,0.02149,1938,0.008
213,452,0.02071,531,0.784
213,1311,0.02354,1683,0.745
213,541,0.02544,1500,0.828
213,226,0.02544,736,0.773
214,1275,0.00642,1704,0.758
214,761,0.01566,1057,0.723
215,1297,0.01384,1864,0.132
215,1450,0.01565,1981,0.118
215,895,0.02512,1603,0.133
215,1238,0.03152,1146,0.126
216,306,0.02165,1486,0.179
216,1124,0.02368,1319,0.194
216,100,0.02925,972,0.174
217,517,0.00855,611,0.059
217,1313,0.01488,1815,0.063
217,1023,0.01781,882,0.059
217,608,0.02054,516,0.036
218,1123,0.01318,992,0.009
218,803,0.02211,1854,0.045
218,1390,0.03153,1425,0.027
219,898,0.01369,1929,0.083
219,1304,0.01867,616,0.081
219,1379,0.0192,1379,0.108
219,593,0.02279,614,0.112
220,423,0.01025,1313,0.025
220,907,0.01897,1143,0.062
220,352,0.02172,1859,0.025
221,884,0.02389,835,0.649
221,1356,0.0262,1421,0.676
221,673,0.02834,646,0.69
221,752,0.0288,621,0.667
222,1276,0.00459,580,0.022
222,1162,0.01348,1184,0.021
222,1284,0.02029,1161,0.009
222,358,0.02517,874,0.005
223,1039,0.01866,562,0.024
223,1318,0.02137,1003,0.006
223,25,0.02725,1167,0.034
223,900,0.0335,948,0.04
224,497,0.01729,1951,0.646
224,847,0.01764,1367,0.646
224,1338,0.02678,1950,0.596
225,589,0.02353,1944,0.627
225,1468,0.02561,1845,0.543
225,1150,0.02887,1179,0.518
226,1311,0.01024,1689,0.702
226,452,0.01397,960,0.74
226,1285,0.01912,958,0.726
227,881,0.01383,1712,0.069
227,1427,0.01631,963,0.045
227,211,0.02007,1411,0.068
228,1112,0.00106,878,0.038
228,1346,0.00478,1525,0.055
228,1258,0.01128,863,0.024
228,428,0.02543,571,0.045
229,708,0.01728,1950,0.223
229,293,0.022,1137,0.284
229,49,0.03276,1693,0.217
229,711,0.033,1728,0.267
230,731,0.01393,836,0.068
230,1043,0.01423,1995,0.081
230,1333,0.01923,694,0.104
230,103,0.02149,1511,0.09
231,355,0.01875,1152,0.561
231,797,0.02227,1798,0.641
232,953,0.00805,506,0.138
232,1217,0.01465,1404,0.174
232,113,0.02121,1478,0.153
233,1499,0.00517,1065,0.479
233,1103,0.01172,1115,0.485
233,1240,0.01308,1072,0.423
233,572,0.02121,1098,0.455
234,1235,0.00423,1269,0.259
234,1263,0.01413,1701,0.192
234,539,0.0143,741,0.233
234,505,0.02456,1726,0.213
235,1106,0.00918,1985,0.005
235,713,0.01945,1603,0.009
236,890,0.01163,1940,0.048
236,597,0.01978,1265,0.045
236,1255,0.02077,883,0.051
237,1402,0.01686,890,0.422
237,1350,0.01812,1395,0.426
237,863,0.01866,1187,0.41
237,1492,0.03199,1649,0.402
238,1466,0.01045,546,0.044
238,325,0.02128,1999,0.077
238,651,0.02518,1118,0.041
239,1347,0.00709,963,0.107
239,466,0.01532,622,0.08
239,1323,0.02591,1997,0.106
239,849,0.02715,633,0.1
240,1315,0.00876,1340,0.673
240,649,0.01283,1348,0.635
240,640,0.0131,1106,0.685
240,699,0.01649,522,0.675
241,245,0.00751,1065,0.774
241,1228,0.01058,1265,0.789
241,891,0.01188,1464,0.815
241,657,0.01617,734,0.81
242,704,0.0329,1495,0.582
242,1248,0.03627,1582,0.587
242,1176,0.0394,1687,0.52
243,1303,0.005,1325,0.228
243,999,0.01167,715,0.253
243,308,0.01616,1706,0.243
244,256,0.02997,1156,0.024
245,1228,0.01312,1434,0.748
245,1058,0.01608,1613,0.734
245,921,0.01777,810,0.714
246,1245,0.01728,1056,0.945
246,1223,0.01918,1471,0.909
247,1073,0.00628,756,0.769
247,1168,0.01738,1032,0.746
247,369,0.03406,551,0.706
247,291,0.03797,1861,0.778
248,429,0.02233,1694,0.208
248,488,0.02868,1590,0.141
249,598,0.01736,799,0.009
249,712,0.02438,1171,0.001
249,1394,0.02453,1277,0.016
249,1401,0.04027,1331,0.001
250,1110,0.00719,731,0.806
250,390,0.00785,1474,0.792
250,1089,0.02378,1591,0.825
250,937,0.03518,527,0.762
251,353,0.01341,1574,0.634
251,514,0.0179,1783,0.627
251,925,0.02372,1090,0.594
251,1188,0.02502,1284,0.645
252,554,0.01427,1119,0.234
252,1406,0.01813,1085,0.253
252,298,0.01972,1501,0.262
252,1205,0.02235,683,0.21
253,461,0.02798,1546,0.028
253,1116,0.03079,628,0.028
253,526,0.03683,790,0.028
254,900,0.01356,1000,0.052
254,1319,0.0232,685,0.026
254,128,0.03268,978,0.059
255,778,0.00761,991,0.989
255,456,0.0139,1012,0.964
255,978,0.0293,1590,0.99
255,408,0.02933,966,0.957
256,1116,0.03287,784,0.002
257,536,0.00905,1100,0.147
257,669,0.02732,1940,0.174
258,368,0.01709,1623,0.871
258,949,0.03407,688,0.832
258,196,0.03443,1488,0.855
258,384,0.03601,1389,0.771
259,792,0.01399,887,0.013
259,1157,0.01972,740,0.024
259,552,0.02469,916,0.011
259,685,0.03444,675,0.015
260,1244,0.00775,886,0.915
260,408,0.01834,1994,0.936
260,393,0.02267,1352,0.946
260,312,0.02693,1756,0.911
261,405,0.01527,1162,0.018
261,339,0.02339,951,0.002
261,832,0.02411,776,0.024
262,618,0.02642,1752,0.448
262,686,0.02853,1694,0.461
262,568,0.02942,712,0.457
262,1386,0.03264,1805,0.527
263,1012,0.01383,540,0.788
263,613,0.01724,1645,0.827
263,1282,0.02493,1750,0.801
264,597,0.01263,793,0.061
264,1255,0.0197,1099,0.068
264,1390,0.02202,1790,0.061
265,1463,0.0161,1040,0.033
265,358,0.03895,950,0.013
265,1162,0.04597,1972,0.029
265,1045,0.05131,1584,0.045
266,1368,0.01217,1670,0.063
266,466,0.03216,1289,0.06
266,1010,0.03358,833,0.078
266,849,0.03404,1390,0.081
267,1045,0.02079,1665,0.051
267,1284,0.03783,543,0.023
267,1276,0.03936,643,0.037
267,1102,0.03947,832,0.101
268,1392,0.00678,1497,0.189
268,340,0.03424,1919,0.228
268,661,0.0358,554,0.167
268,6,0.03901,1830,0.149
269,404,0.01592,1369,0.567
269,327,0.01895,1946,0.61
269,973,0.02102,1940,0.615
269,1196,0.02411,1296,0.593
270,775,0.00528,824,0.108
270,1137,0.00655,579,0.091
270,1431,0.02481,1554,0.106
270,1288,0.02507,1484,0.064
271,440,0.00244,1635,0.287
271,1457,0.00969,1057,0.255
271,1331,0.01428,1364,0.258
271,729,0.01823,1216,0.269
272,961,0.00304,971,0.846
272,312,0.01075,573,0.887
272,1017,0.01293,1088,0.867
272,909,0.02466,1910,0.915
273,731,0.01539,1063,0.062
273,1043,0.01686,1956,0.075
273,186,0.02227,1935,0.082
274,285,0.01298,966,0.923
274,1433,0.01401,1098,0.937
274,520,0.02658,1491,0.873
274,602,0.03172,1236,0.964
275,936,0.01835,1493,0.848
275,1237,0.02216,747,0.786
275,820,0.02224,1643,0.809
276,1220,0.01932,566,0.851
276,965,0.02808,1072,0.869
276,982,0.03344,1850,0.867
276,1066,0.03444,1202,0.893
277,736,0.00197,969,0.366
277,1436,0.02254,992,0.317
277,1064,0.02458,1162,0.333
277,678,0.03018,785,0.324
278,623,0.00466,811,0.302
278,717,0.00576,808,0.281
278,281,0.01443,1274,0.281
278,1351,0.01455,1620,0.265
279,622,0.00834,1464,0.534
279,355,0.02519,1636,0.541
279,1130,0.02626,955,0.506
280,607,0.013,1986,0.323
280,1336,0.0165,631,0.297
280,486,0.02856,1429,0.285
281,1351,0.01108,1464,0.265
281,1380,0.01282,1428,0.309
281,717,0.01577,620,0.281
282,689,0.00916,1720,0.518
282,1193,0.02341,1133,0.516
282,596,0.03135,1396,0.499
282,1192,0.03265,1271,0.449
283,829,0.01082,1562,0.601
283,744,0.01181,1065,0.589
283,920,0.02079,1011,0.588
283,959,0.02486,1997,0.611
284,1197,0.01426,1684,0.226
284,418,0.01772,788,0.189
285,1433,0.02502,699,0.93
285,520,0.02646,1027,0.867
285,602,0.0286,1416,0.957
286,612,0.02842,1771,0.699
287,434,0.00345,1906,0.016
287,560,0.02709,1741,0.016
287,886,0.03028,1610,0.016
287,551,0.03054,1605,0.041
288,406,0.02314,1585,0.1
288,1026,0.02674,1298,0.111
288,473,0.02846,1565,0.108
288,476,0.03081,511,0.142
289,762,0.00641,1332,0.73
289,346,0.02215,1340,0.697
289,86,0.03751,1142,0.682
289,1151,0.0408,1638,0.709
290,1242,0.00367,1741,0.48
290,1016,0.00935,605,0.519
290,1082,0.01219,1190,0.526
290,394,0.03287,1027,0.561
291,1151,0.04056,1995,0.765
292,464,0.01774,1345,0.521
292,1411,0.0181,1392,0.46
292,443,0.01944,886,0.483
292,586,0.01972,1749,0.548
293,332,0.03531,980,0.355
293,708,0.03714,907,0.262
293,711,0.03943,1980,0.306
294,1018,0.01397,1397,0.454
294,332,0.02628,1210,0.42
294,416,0.02763,1138,0.511
295,1333,0.01099,1544,0.065
295,230,0.02287,1314,0.059
295,731,0.03643,1417,0.029
295,1043,0.03695,702,0.042
296,1480,0.01336,916,0.494
296,983,0.01677,915,0.478
296,1034,0.0231,1971,0.493
296,800,0.02443,584,0.524
297,843,0.02909,666,0.253
297,1131,0.03088,883,0.299
297,460,0.03136,967,0.32
298,1406,0.00967,1595,0.244
298,903,0.01429,1309,0.273
299,450,0.02119,1496,0.441
299,616,0.02298,972,0.471
299,1148,0.0271,1492,0.484
299,1428,0.02863,1781,0.465
300,467,0.00686,774,0.621
300,334,0.01879,1543,0.607
300,1142,0.02897,989,0.547
301,904,0.01012,825,0.559
301,648,0.01851,1028,0.532
301,1252,0.0312,1391,0.619
302,1097,0.01677,588,0.129
302,317,0.01897,985,0.143
302,814,0.02612,1207,0.149
302,227,0.03322,849,0.095
303,1325,0.00512,1607,0.498
303,1480,0.02194,886,0.48
303,983,0.02195,586,0.463
303,801,0.02234,806,0.517
304,1384,0.01114,1677,0.91
304,896,0.01345,939,0.907
304,1156,0.01543,1239,0.935
305,1032,0.01823,763,0.02
305,803,0.02832,1476,0.048
305,985,0.03565,1234,0.026
306,1139,0.01248,920,0.183
307,551,0.01231,992,0.03
307,1053,0.02204,1132,0.016
307,434,0.02786,1492,0.004
308,999,0.00666,910,0.261
308,1303,0.01424,672,0.235
308,1385,0.01532,503,0.313
309,738,0.01412,1353,0.159
309,1486,0.0243,1485,0.193
309,870,0.02588,1995,0.18
309,1250,0.02682,1633,0.166
310,427,0.02781,1560,0.736
310,684,0.02861,1082,0.714
310,433,0.04012,1554,0.681
311,633,0.02249,880,0.528
311,744,0.04014,1791,0.53
311,829,0.04578,1534,0.543
311,872,0.04579,843,0.546
312,961,0.01349,665,0.84
312,909,0.01452,1199,0.91
312,1017,0.02171,841,0.861
313,1079,0.01226,1542,0.931
313,957,0.02897,1479,0.927
313,994,0.03134,1707,0.934
313,1003,0.03192,1044,0.943
314,487,0.01126,1533,0.218
314,873,0.01898,691,0.194
314,1303,0.02582,819,0.216
314,876,0.02701,1079,0.198
315,1067,0.00778,974,0.22
315,683,0.01405,1136,0.206
315,652,0.02461,926,0.223
316,1473,0.02332,1582,0.821
316,137,0.0306,1959,0.808
316,1234,0.03774,596,0.787
316,1247,0.03979,995,0.8
317,1097,0.00383,1160,0.124
317,814,0.0109,1801,0.145
317,1169,0.03166,1788,0.176
318,1383,0.00301,508,0.631
318,346,0.02501,956,0.669
318,86,0.02601,772,0.654
319,454,0.01011,1439,0.516
319,1158,0.01814,1531,0.514
319,826,0.01821,707,0.579
319,328,0.02032,1646,0.606
320,601,0.00256,1556,0.119
320,751,0.01996,703,0.137
320,1091,0.02238,1017,0.141
320,825,0.02486,1016,0.133
321,800,0.02001,942,0.575
321,1480,0.02411,1188,0.546
321,801,0.03142,1349,0.583
321,296,0.0347,1332,0.543
322,1290,0.00367,838,0.078
322,867,0.01163,1961,0.11
322,473,0.01958,1968,0.077
323,1166,0.01266,1659,0.722
323,747,0.01469,886,0.782
323,475,0.01568,1548,0.782
323,1465,0.01833,1005,0.772
324,1060,0.01594,1848,0.586
324,625,0.01845,1179,0.624
325,1466,0.01124,1861,0.04
325,336,0.01426,1189,0.102
325,802,0.02514,1384,0.066
326,916,0.00514,1618,0.752
326,976,0.01501,1122,0.752
326,735,0.02102,1669,0.81
326,844,0.02742,1392,0.725
327,1196,0.01506,1452,0.637
327,767,0.01898,1754,0.624
327,973,0.02163,1283,0.659
328,482,0.00889,994,0.673
328,1434,0.01011,1561,0.686
328,1261,0.01622,1948,0.702
329,562,0.022,1246,0.855
329,1231,0.02255,936,0.871
329,1029,0.02585,1891,0.893
330,840,0.01479,844,0.406
330,1481,0.02199,1683,0.391
330,1312,0.03088,1049,0.449
331,292,0.02778,1319,0.502
331,1411,0.03236,1040,0.458
331,586,0.03446,643,0.546
331,455,0.0345,1087,0.535
332,1018,0.01242,1156,0.421
332,626,0.03173,844,0.403
333,660,0.00161,1792,0.833
333,547,0.02202,1195,0.828
333,548,0.03622,767,0.849
333,1223,0.03648,668,0.853
334,467,0.01963,532,0.635
334,1033,0.03033,876,0.682
334,1498,0.03831,1737,0.53
335,1056,0.0112,1963,0.181
335,392,0.01429,892,0.172
335,476,0.01776,988,0.164
336,802,0.01211,1221,0.093
336,894,0.01489,1445,0.116
336,1466,0.02006,1552,0.068
337,1312,0.0378,538,0.471
337,611,0.04454,1696,0.562
337,0,0.04784,1540,0.484
338,945,0.01337,1579,0.183
338,980,0.0136,725,0.225
338,1167,0.01423,566,0.261
338,386,0.01546,1720,0.252
339,832,0.0267,1334,0.026
339,1230,0.02852,1546,0.002
340,189,0.02409,1498,0.287
340,1262,0.02439,736,0.304
340,154,0.02542,1456,0.285
340,1108,0.02664,1418,0.281
341,768,0.01615,1661,0.172
341,812,0.02181,972,0.162
341,839,0.02644,1052,0.163
341,1051,0.03017,1194,0.141
342,398,0.00881,1752,0.185
342,206,0.027,816,0.182
342,1050,0.0277,1097,0.199
343,1396,0.02054,1267,0.595
343,455,0.02216,1385,0.582
343,771,0.02381,1060,0.627
343,634,0.03072,1724,0.637
344,1403,0.02815,757,0.118
344,952,0.02833,1701,0.165
344,995,0.02842,1256,0.143
345,974,0.0097,622,0.483
345,1129,0.01137,841,0.443
345,411,0.02898,1694,0.525
345,631,0.03263,1582,0.455
346,1383,0.02206,1988,0.652
347,1153,0.02848,759,0.03
347,480,0.0329,1896,0.044
347,469,0.03423,594,0.041
347,295,0.03861,1648,0.021
348,679,0.01621,540,0.263
348,939,0.01851,753,0.28
348,496,0.01878,506,0.265
349,942,0.0204,1994,0.183
349,639,0.02135,1227,0.153
349,845,0.02964,568,0.166
350,1452,0.01046,1604,0.269
350,478,0.01451,1041,0.278
350,1024,0.03184,1785,0.252
350,429,0.03511,588,0.234
351,954,0.01741,1731,0.851
351,90,0.02141,712,0.811
351,214,0.02249,1333,0.79
351,1275,0.02641,765,0.787
352,857,0.00716,1411,0.003
352,550,0.02158,792,0.019
353,654,0.0178,1730,0.694
353,514,0.01932,832,0.649
353,384,0.02278,1600,0.676
354,440,0.02545,1811,0.331
354,1014,0.02739,1504,0.345
355,1130,0.01503,546,0.493
355,1468,0.0236,1121,0.518
356,1028,0.00928,1723,0.739
356,1229,0.02003,926,0.796
356,1344,0.02259,709,0.75
356,417,0.02771,1387,0.754
357,1474,0.02069,1943,0.524
357,1008,0.02973,653,0.546
358,1162,0.01208,914,0.023
358,1276,0.02831,1876,0.025
358,1463,0.03108,1680,0.026
359,934,0.00889,1784,0.137
359,895,0.02669,1600,0.108
359,190,0.03468,1268,0.085
360,1393,0.02726,1482,0.046
360,619,0.03016,1654,0.039
360,610,0.03267,1078,0.048
360,1241,0.03293,1978,0.021
361,425,0.00886,1239,0.039
361,1068,0.0161,662,0.065
361,822,0.02669,1538,0.058
361,701,0.0302,1755,0.043
362,1248,0.02391,694,0.678
362,704,0.02859,1041,0.673
362,1215,0.03224,858,0.678
362,820,0.03452,1349,0.775
363,377,0.00134,1854,0.118
363,1238,0.01029,926,0.107
363,1239,0.01499,996,0.09
364,1371,0.02358,1327,0.729
364,427,0.02726,985,0.754
364,7,0.02797,1972,0.739
364,548,0.02958,1936,0.805
365,582,0.00488,829,0.195
365,606,0.01978,1388,0.178
365,1495,0.0209,1490,0.238
365,990,0.02488,1670,0.209
366,912,0.02249,758,0.97
366,664,0.0257,791,0.972
366,1029,0.02651,642,0.958
366,562,0.02952,1246,0.92
367,835,0.02181,1126,0.735
367,749,0.02513,1888,0.76
367,1008,0.02538,589,0.661
367,1462,0.02754,1219,0.671
368,196,0.04508,1687,0.879
368,1081,0.04715,980,0.791
368,749,0.04842,583,0.861
369,1168,0.01883,1600,0.711
369,477,0.02129,1172,0.697
369,1073,0.02778,1016,0.734
370,1222,0.02226,984,0.745
370,9,0.03237,1281,0.739
370,71,0.03457,603,0.722
370,1459,0.04008,1975,0.728
371,1138,0.00536,838,0.782
371,1035,0.01901,1186,0.742
371,993,0.02064,1399,0.806
371,492,0.02072,1106,0.838
372,426,0.02236,722,0.266
372,1095,0.02909,1532,0.35
372,759,0.02968,1576,0.285
372,687,0.0325,1600,0.335
373,432,0.02331,1002,0.574
373,689,0.05521,1839,0.537
373,282,0.05709,1321,0.529
373,1193,0.05891,1123,0.534
374,624,0.01626,664,0.133
374,522,0.02214,1802,0.134
375,592,0.01462,1550,0.08
375,1213,0.0161,1593,0.054
375,406,0.02052,1741,0.073
375,1382,0.02509,1888,0.067
376,961,0.02213,1829,0.826
376,1017,0.02411,1647,0.847
376,272,0.02515,518,0.873
376,692,0.03061,1780,0.772
377,1238,0.00931,1819,0.14
377,1239,0.01445,1545,0.123
378,587,0.01538,1488,0.935
378,789,0.01854,949,0.895
378,912,0.02404,1051,0.954
379,1360,0.00714,1571,0.05
379,461,0.01128,1194,0.025
379,734,0.02396,1086,0.056
380,1498,0.00592,1220,0.435
380,882,0.01306,1706,0.424
380,1034,0.02262,1958,0.463
380,918,0.03551,606,0.413
381,1306,0.00347,1711,0.423
381,1002,0.02809,1275,0.478
381,388,0.02899,1609,0.408
382,515,0.02661,1979,0.047
382,212,0.03149,1660,0.009
383,786,0.02915,1397,0.186
383,1310,0.03048,835,0.131
383,621,0.03308,1106,0.173
383,1458,0.03501,1337,0.168
384,654,0.00695,1992,0.715
384,697,0.00916,1101,0.708
384,1081,0.02266,902,0.692
385,823,0.0266,1039,0.072
385,842,0.02686,1595,0.102
385,1497,0.02828,523,0.054
386,980,0.01559,1123,0.267
386,1343,0.01665,1579,0.246
386,1167,0.01871,1485,0.302
387,442,0.02875,722,0.101
387,693,0.0305,678,0.092
387,995,0.03303,1299,0.132
387,459,0.03509,933,0.104
388,1294,0.01516,1973,0.379
388,1306,0.02563,1292,0.387
389,438,0.01824,1383,0.557
389,1317,0.02619,991,0.528
389,997,0.0351,1712,0.483
390,1110,0.00995,1309,0.799
390,571,0.02799,1460,0.788
390,1096,0.0292,919,0.805
391,1376,0.00812,1772,0.641
391,1140,0.01636,1148,0.587
391,826,0.01834,1687,0.638
391,801,0.02681,1778,0.613
392,476,0.00862,975,0.153
392,1426,0.01399,1940,0.153
392,1056,0.0147,669,0.17
393,408,0.0081,1840,0.942
393,1244,0.02607,673,0.92
393,778,0.02941,969,0.974
394,709,0.01661,844,0.644
394,1016,0.0248,944,0.568
394,611,0.0299,1541,0.643
395,451,0.02826,1593,0.077
395,508,0.03279,1861,0.106
395,127,0.03356,1127,0.113
395,469,0.0369,1091,0.059
396,725,0.01081,1026,0.82
396,424,0.01649,955,0.788
396,489,0.01744,1792,0.81
396,821,0.01935,1310,0.81
397,597,0.02764,687,0.06
397,236,0.03145,1520,0.07
397,890,0.03593,1210,0.063
397,264,0.03897,1028,0.086
398,1431,0.02466,933,0.151
399,507,0.00934,787,0.205
399,683,0.02343,998,0.195
399,315,0.032,1964,0.23
399,485,0.03596,802,0.235
400,554,0.0113,586,0.209
400,1467,0.01493,1329,0.214
400,1205,0.02243,937,0.184
400,1260,0.02332,1040,0.187
401,966,0.01596,1545,0.878
401,982,0.01945,1332,0.873
401,1292,0.02045,1296,0.862
402,532,0.003,1059,0.911
402,994,0.01449,1261,0.943
402,676,0.0183,966,0.903
402,794,0.01928,1624,0.921
403,1421,0.02995,1174,0.043
403,26,0.03117,1184,0.018
404,852,0.01363,1664,0.579
404,327,0.02395,637,0.611
405,832,0.01451,1077,0.042
405,339,0.03073,1209,0.02
406,473,0.02415,727,0.07
406,592,0.02755,780,0.068
407,525,0.01118,1183,0.354
407,1122,0.01444,1327,0.361
407,568,0.03018,930,0.389
408,778,0.02309,1563,0.965
408,1244,0.02381,1734,0.911
409,970,0.00391,801,0.189
409,1224,0.0078,1609,0.189
409,519,0.02255,1920,0.212
410,1163,0.0186,1776,0.023
410,1120,0.03116,1032,0.056
410,871,0.03415,1268,0.039
410,1305,0.03649,1904,0.025
411,673,0.02984,943,0.644
411,1356,0.03019,1556,0.63
411,742,0.03294,759,0.619
412,707,0.01787,1757,0.61
412,811,0.04524,1831,0.539
412,1492,0.04804,1238,0.518
412,1237,0.05005,1295,0.706
413,673,0.02409,569,0.717
413,1356,0.02485,1977,0.703
413,742,0.02922,1962,0.692
414,928,0.01941,1887,0.778
414,1211,0.01975,1482,0.808
414,1365,0.02377,980,0.812
414,883,0.0238,1667,0.827
415,1038,0.01424,523,0.32
415,670,0.03461,1464,0.312
415,1364,0.03853,1948,0.3
416,433,0.01541,1245,0.607
416,1055,0.02563,1344,0.583
416,700,0.02761,1698,0.629
417,1443,0.01279,824,0.767
417,1344,0.01564,1871,0.74
417,1229,0.01959,1297,0.785
417,1128,0.02228,517,0.799
418,1197,0.02975,543,0.205
419,1048,0.00379,654,0.855
419,1292,0.00915,1366,0.861
419,401,0.02591,1421,0.859
419,1132,0.02652,1900,0.836
420,1009,0.00873,1242,0.013
420,788,0.02401,1925,0.006
420,774,0.04292,724,0.025
421,1026,0.01966,716,0.099
421,1263,0.03287,530,0.129
421,539,0.04172,1582,0.17
421,833,0.0431,1397,0.152
422,1343,0.02431,1876,0.207
422,386,0.02737,1434,0.254
422,690,0.02784,944,0.257
422,1169,0.02797,1758,0.214
423,352,0.02304,1630,0.0
423,857,0.02726,1714,0.003
424,489,0.00601,1029,0.771
424,569,0.02181,1237,0.728
424,725,0.02302,1373,0.78
425,1068,0.0222,1065,0.072
425,822,0.02268,1768,0.065
425,701,0.03329,575,0.05
426,1036,0.02084,1046,0.231
426,1056,0.026,766,0.205
426,1426,0.02725,816,0.188
427,548,0.01592,1644,0.805
428,1258,0.01808,524,0.036
428,1112,0.02437,1955,0.05
428,1346,0.02779,659,0.067
429,1182,0.02521,1095,0.201
429,1024,0.02665,1637,0.237
430,1361,0.00676,1399,0.703
430,856,0.00835,1001,0.74
430,1211,0.02001,1689,0.777
430,928,0.02173,1512,0.746
431,1128,0.01245,1202,0.835
431,866,0.01492,1698,0.875
431,1291,0.02297,500,0.821
432,1432,0.04127,1240,0.651
432,1397,0.04963,1609,0.621
432,1193,0.05092,819,0.56
433,700,0.01855,1924,0.665
433,1055,0.02479,881,0.619
434,560,0.0286,1841,0.0
434,551,0.02866,1773,0.025
435,564,0.01101,1397,0.885
435,1308,0.01308,1216,0.879
435,613,0.02453,1779,0.879
436,978,0.0126,806,0.973
436,1335,0.01363,1667,0.912
436,456,0.01986,890,0.946
436,255,0.03203,1692,0.964
437,711,0.01797,1489,0.249
437,933,0.01978,797,0.214
437,1388,0.02085,732,0.232
438,1317,0.00801,770,0.538
438,576,0.02815,1583,0.552
439,876,0.02437,1819,0.207
439,943,0.03043,1990,0.204
439,314,0.03194,1758,0.222
439,873,0.03866,1176,0.203
440,1457,0.01115,1205,0.267
440,1331,0.01644,733,0.27
440,729,0.02016,1891,0.281
441,449,0.01977,1344,0.135
441,708,0.02664,1755,0.176
442,1461,0.01714,990,0.137
442,647,0.02162,1002,0.158
442,946,0.02549,1389,0.152
443,1425,0.00447,1091,0.476
443,1411,0.02444,1245,0.438
444,1111,0.00318,1904,0.406
444,1077,0.00351,927,0.432
444,1119,0.0208,1196,0.417
444,975,0.02503,1145,0.417
445,1494,0.00792,1231,0.211
445,1478,0.009,1299,0.212
445,786,0.01624,863,0.204
445,652,0.02019,701,0.199
446,981,0.01643,1381,0.413
446,1044,0.01863,645,0.442
446,782,0.02762,1335,0.483
446,1049,0.03233,1138,0.517
447,903,0.0209,1980,0.324
447,106,0.02514,634,0.388
447,853,0.02941,1125,0.392
447,607,0.03007,1787,0.339
448,1212,0.00541,563,0.451
448,1104,0.01446,990,0.455
448,1214,0.02228,540,0.514
448,955,0.0233,1819,0.478
449,632,0.01313,1526,0.112
449,644,0.02136,1412,0.158
449,1040,0.02476,1474,0.121
450,616,0.00696,1633,0.454
450,1148,0.01513,1744,0.467
450,472,0.01561,1893,0.424
450,1428,0.01794,867,0.448
451,508,0.01512,1959,0.126
451,1015,0.02432,1417,0.103
452,541,0.01409,1527,0.795
452,1285,0.02114,743,0.737
453,570,0.0094,1401,0.457
453,1052,0.03482,665,0.433
454,481,0.01704,1549,0.473
454,1140,0.01854,1918,0.508
454,826,0.0199,1997,0.559
455,1396,0.02244,1540,0.583
455,1145,0.02406,1227,0.605
455,634,0.02552,1615,0.625
456,778,0.01327,982,0.972
456,978,0.02189,1042,0.973
457,1387,0.00639,1728,0.939
457,866,0.02695,1430,0.935
457,431,0.02804,899,0.876
457,48,0.03055,1730,0.902
458,987,0.00886,1118,0.375
458,1225,0.03015,1669,0.33
458,1104,0.03775,1378,0.414
459,874,0.00447,600,0.113
459,693,0.01352,1379,0.097
459,599,0.01718,1329,0.136
459,995,0.01889,1764,0.136
460,618,0.0148,1258,0.371
460,686,0.01489,662,0.384
460,568,0.01891,1696,0.381
461,1360,0.01713,1001,0.025
461,99,0.02133,1046,0.009
461,836,0.02718,1807,0.018
462,1414,0.00755,1882,0.409
462,1449,0.0151,880,0.41
462,1101,0.01974,1369,0.434
462,1233,0.03454,1404,0.42
463,470,0.01365,1686,0.281
463,986,0.02396,1501,0.276
463,804,0.035,1108,0.258
464,586,0.00254,806,0.565
464,609,0.02605,1862,0.567
464,443,0.02756,554,0.499
465,823,0.01463,1482,0.127
465,582,0.02731,832,0.176
465,842,0.02793,626,0.157
465,834,0.02888,1204,0.119
466,1368,0.02003,742,0.06
466,1347,0.02194,1099,0.086
466,849,0.03196,1932,0.078
467,1142,0.03197,1002,0.575
468,727,0.02052,1103,0.047
468,890,0.02363,802,0.031
469,1183,0.01863,1987,0.078
469,879,0.02966,734,0.067
470,939,0.02588,1561,0.303
470,348,0.03074,638,0.257
471,841,0.01272,694,0.492
471,1185,0.01589,1146,0.49
471,1126,0.01779,500,0.459
472,757,0.01118,1060,0.401
472,616,0.02122,1619,0.455
472,1455,0.02582,1212,0.424
473,867,0.01477,912,0.11
473,1290,0.018,1037,0.079
474,958,0.01306,928,0.238
474,675,0.01995,734,0.265
474,522,0.02206,848,0.188
474,1127,0.02614,895,0.238
475,747,0.00432,1874,0.81
475,1465,0.01067,915,0.8
475,1166,0.0218,1415,0.751
476,1426,0.01667,1574,0.145
477,1159,0.02805,580,0.692
477,1168,0.04003,535,0.738
477,959,0.04014,1590,0.663
478,1452,0.00847,1140,0.299
478,969,0.0365,1381,0.329
478,1206,0.03858,1256,0.305
479,895,0.01613,1122,0.155
479,215,0.03307,967,0.147
479,934,0.0366,1665,0.184
480,1153,0.01456,855,0.053
480,1398,0.02151,1208,0.066
480,595,0.02606,1994,0.041
480,629,0.02818,1519,0.067
481,790,0.0135,1401,0.466
481,745,0.01784,1172,0.487
481,319,0.02674,938,0.493
482,1434,0.00673,1030,0.685
482,1261,0.01113,626,0.7
483,1107,0.01079,704,0.585
483,1071,0.01935,528,0.605
483,510,0.02163,944,0.589
483,766,0.02467,1465,0.546
484,963,0.02235,963,0.954
484,791,0.03489,1803,0.966
484,1042,0.03523,650,0.913
485,1092,0.01061,739,0.273
485,591,0.03142,765,0.306
485,1175,0.03626,1628,0.297
486,952,0.01812,1956,0.229
486,1336,0.02495,1412,0.261
487,873,0.01224,996,0.2
487,1303,0.02095,1963,0.222
487,243,0.02352,1184,0.23
488,1182,0.01946,657,0.134
489,569,0.01639,671,0.75
489,725,0.02102,993,0.802
490,902,0.01591,1469,0.759
490,949,0.02476,1834,0.784
491,992,0.02743,1926,0.382
491,659,0.02902,1175,0.29
491,796,0.03626,1158,0.364
491,855,0.04747,1402,0.372
492,993,0.001,1165,0.857
492,565,0.00478,1986,0.875
492,1138,0.0188,866,0.833
493,888,0.00279,1049,0.934
493,627,0.00534,1142,0.966
493,1186,0.00638,754,0.98
494,889,0.02329,707,0.421
494,968,0.02416,949,0.451
494,1087,0.02629,594,0.387
494,1340,0.02678,1338,0.424
495,1280,0.01332,977,0.257
495,971,0.01948,1182,0.257
495,824,0.02235,1261,0.274
495,755,0.02707,689,0.222
496,679,0.00514,1210,0.293
496,1470,0.01322,1255,0.296
497,761,0.01357,1946,0.669
497,1275,0.02291,1335,0.705
498,1006,0.01114,632,0.034
498,1241,0.02929,554,0.005
498,610,0.03645,1009,0.033
499,850,0.02062,1169,0.12
499,694,0.02107,909,0.138
499,542,0.02209,1734,0.159
499,512,0.02883,1816,0.159
500,931,0.00831,1486,0.115
500,813,0.01693,1233,0.12
500,769,0.01714,1638,0.117
501,671,0.00688,758,0.119
501,1022,0.01589,1645,0.091
501,929,0.03117,798,0.072
502,917,0.0057,1904,0.285
502,573,0.00914,1060,0.318
502,1094,0.01915,796,0.334
503,723,0.01109,861,0.292
503,635,0.01126,1088,0.261
503,575,0.02018,1986,0.264
503,940,0.02436,1961,0.281
504,1364,0.00616,626,0.287
504,1298,0.02292,696,0.303
504,1134,0.026,720,0.268
504,670,0.02797,1494,0.299
505,666,0.0113,590,0.17
505,638,0.02086,910,0.207
505,1235,0.02453,507,0.232
506,1469,0.00869,1043,0.015
506,1011,0.01473,967,0.005
506,756,0.0241,819,0.005
506,509,0.02909,1917,0.018
507,683,0.01918,768,0.18
507,315,0.03103,1714,0.215
507,98,0.03474,560,0.185
508,1015,0.01772,1961,0.131
508,931,0.02313,1787,0.149
509,1011,0.02812,1296,0.013
509,1178,0.03501,1618,0.039
509,1469,0.0377,1052,0.023
510,1071,0.02129,1425,0.626
510,1348,0.02461,1993,0.631
510,1107,0.03017,1160,0.607
511,1421,0.021,1215,0.043
511,1401,0.02218,1278,0.0
511,886,0.03593,693,0.0
512,542,0.00683,981,0.177
512,878,0.0205,1859,0.181
512,772,0.02086,1958,0.141
512,1484,0.02222,1719,0.156
513,926,0.00208,1354,0.066
513,989,0.011,1772,0.054
513,574,0.02547,997,0.053
513,1037,0.03139,711,0.082
514,697,0.0179,1164,0.68
514,1412,0.0193,1169,0.649
515,629,0.03073,1989,0.077
516,533,0.01337,720,0.74
516,910,0.02434,772,0.695
516,705,0.02567,1677,0.699
516,787,0.02817,1772,0.677
517,1293,0.01462,778,0.042
517,1023,0.01482,1963,0.052
517,1313,0.01543,1315,0.056
518,1184,0.0055,775,0.702
518,1460,0.01898,1504,0.645
518,581,0.01934,1013,0.653
519,970,0.02013,1611,0.227
520,656,0.02778,1422,0.829
520,1407,0.03193,1141,0.804
521,865,0.01266,1004,0.425
521,765,0.01725,1089,0.418
521,596,0.02758,1271,0.463
521,1113,0.03262,1764,0.407
523,1148,0.01857,1239,0.49
523,1428,0.01891,1174,0.471
523,616,0.02097,1759,0.477
523,1455,0.02307,1513,0.447
524,579,0.00817,627,0.019
524,1359,0.02316,1002,0.025
524,1488,0.03262,1723,0.019
525,1122,0.02043,1401,0.338
525,1020,0.04028,1042,0.384
526,1367,0.01408,991,0.005
527,956,0.01767,1544,0.092
527,662,0.02604,1757,0.101
527,1143,0.03274,1213,0.12
527,590,0.03604,1290,0.099
528,1327,0.01458,915,0.674
528,1464,0.01561,647,0.699
528,531,0.01587,1469,0.704
528,1246,0.01631,528,0.705
529,725,0.01981,1884,0.799
529,891,0.0208,807,0.8
529,245,0.02532,661,0.76
529,241,0.02533,1368,0.801
530,560,0.03218,1351,0.009
530,886,0.03414,560,0.009
530,287,0.03637,624,0.025
530,434,0.03979,1979,0.009
531,1327,0.00145,1594,0.68
531,672,0.02671,1337,0.76
531,1464,0.02829,965,0.704
532,994,0.01747,742,0.928
532,794,0.02112,1744,0.907
533,787,0.02652,972,0.684
533,559,0.03289,1458,0.802
533,705,0.03297,1032,0.706
534,901,0.0094,993,0.839
534,1308,0.01776,1398,0.861
534,435,0.02493,581,0.861
535,1090,0.02281,1355,0.952
535,1245,0.03216,1378,0.933
535,1000,0.0371,1422,0.87
536,899,0.02973,511,0.14
537,614,0.01882,1786,0.068
537,1249,0.02136,948,0.08
537,850,0.0224,1715,0.077
538,1375,0.00672,1261,0.72
538,743,0.01976,1637,0.736
538,730,0.02997,525,0.722
538,180,0.03656,1007,0.716
539,1263,0.01063,561,0.184
539,1235,0.01697,728,0.252
539,833,0.02168,1106,0.208
540,962,0.00863,1558,0.073
540,588,0.01873,1979,0.067
540,1472,0.03032,1390,0.091
541,226,0.02803,1260,0.784
541,1285,0.02974,1094,0.781
542,772,0.02432,1548,0.142
542,878,0.02527,1555,0.182
543,948,0.02115,1535,0.306
543,1063,0.02129,1842,0.301
543,785,0.02682,500,0.291
544,859,0.01061,1958,0.051
544,1453,0.01892,1659,0.06
544,691,0.03426,1719,0.089
545,1172,0.01895,632,0.055
545,667,0.03207,585,0.054
545,724,0.03365,1999,0.041
545,624,0.03959,1847,0.1
546,830,0.00774,1703,0.946
546,938,0.01792,1015,0.918
546,791,0.02072,674,0.958
547,548,0.01421,1262,0.836
547,660,0.02363,1544,0.819
547,427,0.02919,1496,0.784
548,777,0.02671,1628,0.841
549,815,0.02356,1077,0.601
549,1419,0.02849,1966,0.634
549,887,0.03548,548,0.523
549,1052,0.03606,1027,0.501
550,1366,0.01131,644,0.037
550,913,0.0159,1863,0.035
550,1277,0.02013,1261,0.036
550,16,0.02146,1877,0.04
551,1435,0.02136,1598,0.038
551,560,0.02834,1428,0.025
552,1399,0.02125,1293,0.02
552,685,0.02456,818,0.004
552,619,0.02914,1610,0.021
553,1420,0.00549,1197,0.91
553,196,0.03028,1346,0.883
553,532,0.03252,1282,0.899
554,1205,0.01543,541,0.173
554,1467,0.0189,1616,0.203
555,935,0.0111,1028,0.202
555,946,0.02578,1788,0.217
555,647,0.02868,791,0.222
556,804,0.01035,1468,0.215
556,813,0.02291,1987,0.175
556,1046,0.02425,596,0.163
556,1146,0.02644,1618,0.203
557,982,0.02242,1849,0.877
557,965,0.02267,573,0.879
557,401,0.03141,1859,0.864
557,1231,0.03229,1591,0.879
558,1059,0.00943,1257,0.057
558,799,0.01772,1600,0.065
558,95,0.01982,707,0.085
558,655,0.02075,1744,0.072
559,1299,0.01917,1785,0.863
559,660,0.03527,909,0.841
559,516,0.0367,830,0.795
560,886,0.00335,843,0.0
560,1435,0.01064,1488,0.013
561,836,0.00693,1270,0.048
561,703,0.01836,573,0.055
561,734,0.02847,753,0.061
561,620,0.03355,1458,0.072
562,1029,0.0069,1319,0.896
562,1096,0.01822,1485,0.842
563,838,0.00817,831,0.107
563,1273,0.00938,1921,0.122
563,945,0.01404,1868,0.124
563,338,0.0272,1246,0.151
564,1308,0.01638,1335,0.885
564,613,0.0288,954,0.885
565,993,0.00456,1638,0.843
565,1138,0.02269,812,0.819
565,883,0.02426,1517,0.847
566,975,0.00757,727,0.38
566,1363,0.01733,1333,0.346
566,1119,0.01944,1357,0.379
567,1085,0.00718,1768,0.071
567,593,0.0095,1317,0.071
567,862,0.01646,1517,0.064
567,219,0.02357,1027,0.079
568,686,0.00428,1449,0.404
568,583,0.02271,926,0.424
568,618,0.02558,541,0.391
569,725,0.03037,964,0.76
569,396,0.03167,777,0.767
570,1044,0.03271,1335,0.453
571,1096,0.009,518,0.808
571,562,0.0272,565,0.825
572,1240,0.00887,666,0.434
572,687,0.02131,1519,0.417
572,1103,0.0241,902,0.496
573,1094,0.0111,908,0.362
573,917,0.01448,611,0.314
574,926,0.02341,1797,0.035
574,1254,0.02605,1930,0.038
574,1037,0.02919,1896,0.051
575,1076,0.01162,1096,0.268
575,723,0.01578,1150,0.285
575,1491,0.02019,1562,0.295
576,728,0.00873,604,0.538
576,1194,0.01158,823,0.527
576,1317,0.02078,1491,0.524
577,754,0.01621,1937,0.645
577,844,0.01729,928,0.661
577,941,0.01958,1134,0.611
577,911,0.02221,1229,0.655
578,1447,0.0086,1388,0.162
578,335,0.0217,1584,0.17
578,867,0.02848,1830,0.15
579,1359,0.02542,1877,0.006
579,188,0.02762,892,0.005
579,1488,0.03737,703,0.0
580,740,0.01178,757,0.032
580,387,0.03545,985,0.058
580,962,0.04782,945,0.045
580,1109,0.04968,1703,0.034
581,1184,0.01644,1523,0.683
582,606,0.02333,841,0.169
582,33,0.02534,632,0.151
582,1495,0.02578,942,0.229
583,686,0.02694,752,0.428
583,1122,0.0274,764,0.396
583,1060,0.02862,592,0.5
584,1354,0.01281,1934,0.182
584,1357,0.01372,637,0.123
584,873,0.03009,1731,0.152
584,1091,0.03169,1501,0.155
585,1358,0.03035,806,0.26
585,1121,0.03698,765,0.309
585,1251,0.05015,1145,0.378
586,609,0.02639,817,0.595
586,1145,0.02964,1636,0.616
587,912,0.01385,1400,0.939
587,1029,0.01782,1901,0.927
588,962,0.02004,953,0.069
588,1472,0.02131,690,0.087
588,693,0.02473,1963,0.074
589,1035,0.02229,1710,0.685
589,1355,0.02627,1330,0.679
590,1143,0.01355,1890,0.087
590,662,0.0138,1612,0.069
590,953,0.02653,686,0.085
591,1257,0.00826,1318,0.37
591,1175,0.01906,1520,0.352
591,1092,0.02148,631,0.328
592,827,0.01487,1371,0.077
592,1213,0.02313,1134,0.049
593,1085,0.00238,1899,0.104
593,862,0.007,1190,0.097
593,1304,0.01977,1191,0.074
594,1471,0.00765,1622,0.489
594,718,0.00779,1557,0.54
594,1460,0.02474,1081,0.549
594,1445,0.03445,670,0.545
595,629,0.00315,1889,0.042
595,84,0.02797,1283,0.021
595,238,0.02904,1582,0.048
596,174,0.02915,680,0.533
596,1289,0.02943,518,0.534
597,1255,0.02053,1749,0.041
598,712,0.01367,1996,0.007
598,1401,0.03104,1618,0.007
598,932,0.03342,1380,0.007
599,874,0.01275,1820,0.14
599,1268,0.01572,674,0.13
599,682,0.01661,1745,0.155
600,951,0.01107,553,0.021
600,871,0.01748,1194,0.024
600,636,0.02631,1362,0.027
600,1115,0.02796,1926,0.025
601,751,0.01799,1841,0.154
601,1091,0.02256,848,0.158
601,29,0.02317,942,0.161
602,1433,0.03037,1332,0.972
602,885,0.03265,1079,0.999
603,888,0.00961,781,0.93
603,721,0.01091,859,0.96
603,493,0.0122,1414,0.966
604,1054,0.01399,1322,0.279
604,1225,0.03089,1391,0.281
604,638,0.03327,1452,0.25
604,666,0.04518,1140,0.213
605,1324,0.0091,1531,0.65
605,829,0.0295,1062,0.613
605,872,0.03159,990,0.615
605,283,0.03668,840,0.63
606,1495,0.01647,971,0.212
606,663,0.01919,748,0.176
607,1336,0.02908,734,0.298
608,1313,0.0095,1606,0.033
608,1293,0.01081,1616,0.019
608,517,0.0167,1917,0.029
609,1187,0.01858,1323,0.57
610,1241,0.00719,1791,0.034
610,685,0.03629,1940,0.035
611,709,0.02212,1131,0.677
611,1311,0.03371,1028,0.674
612,1228,0.02725,1776,0.758
612,730,0.02882,621,0.729
612,1058,0.03104,1391,0.745
613,1282,0.02173,509,0.853
614,1249,0.00368,1839,0.094
614,733,0.00722,1337,0.107
615,1001,0.02306,1796,0.135
615,661,0.02477,1829,0.117
616,1148,0.00817,1733,0.497
616,1428,0.01099,1252,0.478
617,1335,0.02747,1385,0.883
617,1173,0.0278,963,0.833
617,909,0.03015,1211,0.913
617,312,0.03341,1227,0.884
618,686,0.02152,1216,0.394
619,685,0.00556,1939,0.026
619,1393,0.01368,1739,0.05
619,1399,0.01377,579,0.041
620,734,0.00617,979,0.073
620,1093,0.01084,1401,0.069
620,379,0.02797,1390,0.066
621,1221,0.01433,517,0.178
621,1458,0.02925,1688,0.184
621,1267,0.03472,701,0.197
622,1321,0.02746,1240,0.429
622,1130,0.02749,1869,0.486
622,1446,0.03017,1889,0.453
623,717,0.00879,1971,0.302
623,1351,0.01659,818,0.286
623,281,0.0187,716,0.301
624,96,0.02623,1557,0.162
624,114,0.03224,765,0.152
624,1137,0.03372,1223,0.132
625,1437,0.01698,1274,0.671
625,1386,0.02422,1603,0.584
626,796,0.02381,912,0.406
626,860,0.02523,1775,0.454
626,1018,0.02626,1535,0.437
626,294,0.02879,900,0.436
627,1186,0.00694,1223,0.977
627,888,0.00774,781,0.93
628,13,0.02266,1635,0.168
628,1146,0.0258,1222,0.186
628,845,0.02793,1901,0.159
628,1046,0.0319,1250,0.146
629,238,0.02971,767,0.075
630,1479,0.01078,797,0.459
630,1047,0.01874,1840,0.493
630,925,0.02498,1069,0.517
630,968,0.0275,1008,0.484
631,1129,0.02165,1045,0.414
631,1286,0.02396,1274,0.422
631,974,0.0277,864,0.456
632,1040,0.01715,1046,0.115
632,644,0.02244,770,0.151
632,1005,0.02408,1997,0.168
633,872,0.0237,1238,0.572
633,744,0.03149,1036,0.556
633,829,0.03304,1757,0.569
634,1332,0.00855,558,0.681
634,1145,0.01537,1774,0.66
634,1161,0.01939,585,0.716
635,940,0.01454,1262,0.272
635,652,0.01777,889,0.228
635,723,0.02213,1703,0.283
636,1120,0.01554,1218,0.055
636,951,0.01935,1355,0.036
636,871,0.03047,648,0.038
637,404,0.03081,1082,0.506
637,969,0.03304,620,0.397
637,269,0.03853,1264,0.505
638,666,0.01668,1104,0.19
638,1235,0.02677,755,0.252
638,234,0.02983,1265,0.233
640,699,0.00443,1363,0.709
640,1315,0.01462,1299,0.708
641,950,0.00707,1832,0.133
641,741,0.01568,558,0.134
641,142,0.03213,1521,0.1
641,1174,0.03401,1592,0.141
642,710,0.0147,1969,0.349
642,23,0.01494,887,0.336
642,851,0.01866,1609,0.34
643,1171,0.00873,1285,0.22
643,1149,0.02334,1750,0.261
643,1154,0.02653,1092,0.286
644,897,0.0105,1707,0.178
644,1040,0.01467,1845,0.161
644,1005,0.01593,1408,0.213
644,1281,0.01794,1841,0.211
645,846,0.01377,1065,0.79
645,767,0.01984,898,0.695
645,818,0.01985,1398,0.776
645,1485,0.03447,1816,0.811
646,1133,0.02751,792,0.785
646,323,0.02804,984,0.778
646,160,0.0311,1970,0.832
647,946,0.00392,1302,0.209
647,935,0.02178,1935,0.194
648,904,0.00906,1389,0.514
648,860,0.03032,743,0.487
648,1252,0.03332,1943,0.574
649,1315,0.00455,1459,0.657
649,640,0.01871,1677,0.668
649,699,0.01929,1315,0.658
650,727,0.0054,1947,0.036
650,468,0.02558,772,0.011
650,21,0.02704,1019,0.013
651,1466,0.02668,1651,0.003
652,1494,0.01255,1896,0.217
652,940,0.02031,1067,0.248
653,1491,0.01795,1137,0.33
653,1076,0.02434,658,0.302
654,697,0.01427,1151,0.726
654,514,0.02475,675,0.688
655,799,0.00558,1119,0.056
655,1059,0.01284,710,0.048
655,1125,0.0202,946,0.041
656,820,0.02589,1085,0.832
656,362,0.03639,666,0.785
656,201,0.04332,959,0.875
657,891,0.01116,1415,0.809
657,1228,0.01922,1880,0.784
657,245,0.02368,1827,0.769
658,160,0.02846,1756,0.893
658,947,0.02872,1850,0.858
658,1433,0.02887,1705,0.934
659,669,0.03116,1857,0.205
659,1281,0.03382,1552,0.235
659,167,0.04067,1213,0.212
660,1223,0.03715,1616,0.845
661,1392,0.02902,1340,0.178
661,1118,0.03961,1367,0.111
662,1143,0.00704,1187,0.09
663,1495,0.0107,829,0.236
663,990,0.01354,1707,0.207
663,365,0.03062,594,0.202
664,702,0.02411,1284,0.981
664,912,0.03535,1148,0.96
664,1089,0.03828,852,0.906
665,809,0.0117,1429,0.821
665,947,0.01387,1440,0.806
665,735,0.0225,1483,0.839
666,1235,0.03231,1788,0.215
666,234,0.03347,1542,0.197
667,1062,0.01991,1145,0.066
667,808,0.02251,1125,0.055
667,1172,0.03777,638,0.066
668,719,0.00718,1215,0.224
668,1331,0.01638,1261,0.234
668,768,0.01841,754,0.205
668,1329,0.02604,1608,0.229
669,899,0.01857,1981,0.167
669,167,0.02807,1175,0.171
670,1038,0.02205,591,0.32
670,1364,0.02415,1592,0.3
670,988,0.03301,536,0.375
671,1022,0.00923,639,0.111
671,929,0.02631,1366,0.091
672,1327,0.02644,1179,0.73
672,414,0.02723,1701,0.816
672,528,0.03398,636,0.754
673,1356,0.00227,689,0.707
673,742,0.02183,841,0.696
674,1418,0.00738,1528,0.018
674,732,0.01428,1471,0.019
674,1469,0.0355,1780,0.028
674,756,0.03887,1161,0.018
675,726,0.00828,742,0.28
675,1127,0.0138,914,0.287
675,958,0.02395,1206,0.286
676,994,0.0046,842,0.921
676,957,0.01049,1181,0.914
676,794,0.01293,1902,0.899
677,1243,0.0104,1152,0.882
677,1330,0.01588,645,0.843
677,1155,0.02076,822,0.808
677,1378,0.02362,621,0.835
678,1436,0.00845,1775,0.259
678,1191,0.01843,810,0.223
678,1064,0.01964,1100,0.275
678,1131,0.02315,974,0.293
679,1470,0.01473,1069,0.294
680,919,0.02102,1074,0.09
680,1410,0.02271,846,0.099
680,615,0.02657,1319,0.08
680,817,0.02819,1996,0.107
681,1132,0.01588,881,0.811
681,854,0.01894,1803,0.794
681,893,0.02233,571,0.806
681,1199,0.02347,1020,0.768
682,1268,0.01347,1889,0.121
682,1177,0.01431,1432,0.128
682,874,0.02774,1617,0.132
683,1067,0.0191,1896,0.184
684,1033,0.03024,838,0.725
684,467,0.03567,1960,0.678
685,1399,0.01338,1859,0.025
685,1393,0.01924,1163,0.034
687,1240,0.02923,539,0.386
687,889,0.03079,1882,0.408
688,1256,0.00532,1073,0.641
688,715,0.00947,1777,0.655
688,1025,0.0328,1465,0.655
689,1193,0.01444,1080,0.524
689,596,0.03099,1921,0.508
689,174,0.03633,669,0.552
690,983,0.03565,1200,0.381
690,386,0.03657,1010,0.296
691,859,0.02372,1783,0.08
691,922,0.03159,1083,0.104
692,1084,0.01944,1483,0.7
692,1348,0.02471,958,0.672
692,1173,0.04278,1028,0.736
693,874,0.01458,840,0.101
693,599,0.02383,556,0.124
694,1204,0.01822,717,0.098
694,850,0.02166,1118,0.118
694,542,0.02854,1315,0.157
695,746,0.00879,1230,0.625
695,1165,0.02569,963,0.621
695,1441,0.02907,746,0.614
696,769,0.01286,1229,0.143
696,845,0.01794,872,0.147
696,931,0.02639,916,0.142
696,500,0.02694,1554,0.112
697,1081,0.01985,867,0.704
698,1490,0.01532,1058,0.783
698,1012,0.01665,607,0.807
698,263,0.02946,1083,0.795
699,1315,0.01584,1338,0.698
701,1023,0.04215,917,0.053
701,1068,0.04302,1320,0.076
702,721,0.03211,1921,0.98
702,603,0.03472,1795,0.981
702,19,0.04008,1182,0.99
703,1295,0.0217,1639,0.08
703,836,0.02389,755,0.043
704,1248,0.00851,1604,0.623
704,1176,0.02775,1279,0.556
705,1252,0.00599,1651,0.663
705,910,0.00947,1337,0.66
705,787,0.01953,1414,0.643
706,1165,0.01238,734,0.59
706,798,0.02276,1052,0.615
707,1492,0.03404,680,0.492
707,811,0.03756,656,0.513
707,1207,0.03759,1977,0.552
708,848,0.0188,1070,0.2
709,1041,0.0273,1356,0.691
709,1311,0.03018,1547,0.675
710,851,0.00448,1996,0.325
711,933,0.01655,1923,0.254
711,1388,0.01756,1447,0.272
711,848,0.02054,1091,0.244
712,932,0.0278,633,0.0
712,977,0.03408,920,0.012
713,1106,0.01708,712,0.011
713,156,0.02311,1399,0.008
713,5,0.02392,981,0.011
714,1185,0.02591,847,0.495
715,1256,0.00824,665,0.647
716,1415,0.00911,1436,0.863
716,1136,0.01469,847,0.867
716,1384,0.01735,1348,0.893
716,896,0.02693,897,0.89
717,1198,0.01548,1082,0.326
718,1471,0.01497,1225,0.548
718,1460,0.01909,1958,0.609
718,1445,0.02666,1744,0.605
719,1331,0.01456,807,0.229
719,1329,0.01901,1490,0.224
719,729,0.02007,1297,0.24
720,1100,0.01818,1218,0.009
720,1369,0.01964,965,0.0
720,998,0.02827,598,0.0
720,1157,0.04402,1765,0.013
721,19,0.01217,657,0.969
721,888,0.0167,1109,0.929
721,493,0.01815,1053,0.964
722,1118,0.02551,1150,0.087
722,661,0.04222,1419,0.133
722,6,0.05013,726,0.115
722,1461,0.05156,922,0.14
723,1265,0.01852,1595,0.36
724,1172,0.01496,742,0.054
724,1319,0.02025,1029,0.028
724,1477,0.0262,1568,0.061
726,1127,0.01014,1995,0.255
726,1020,0.02056,870,0.343
726,474,0.02726,1151,0.232
728,1194,0.01998,1188,0.527
728,1317,0.02561,1233,0.524
729,1329,0.00399,591,0.245
729,1457,0.00957,1545,0.248
729,1331,0.01893,671,0.251
730,1375,0.0236,1715,0.702
730,286,0.02927,1600,0.674
731,1043,0.00155,1804,0.052
732,1418,0.00699,1887,0.001
732,1369,0.04575,678,0.001
732,1469,0.04755,737,0.011
733,1249,0.00363,1658,0.119
734,1093,0.01633,1376,0.059
734,836,0.02369,1401,0.049
735,809,0.01209,779,0.839
735,947,0.01309,1542,0.824
735,916,0.01817,1239,0.798
736,1436,0.02077,870,0.302
736,1064,0.0236,1635,0.318
736,678,0.02831,1369,0.309
737,807,0.00626,1518,0.561
737,1445,0.02653,720,0.594
737,1289,0.03659,1419,0.579
737,718,0.04172,803,0.589
738,1250,0.0198,1848,0.15
738,870,0.03478,1960,0.164
739,1031,0.02517,937,0.603
739,1386,0.02576,1693,0.56
739,782,0.02748,874,0.554
739,1361,0.0284,880,0.613
740,962,0.03605,1485,0.061
740,387,0.03612,513,0.074
740,588,0.04023,1242,0.056
741,950,0.00975,1168,0.157
741,142,0.04531,999,0.123
741,1408,0.04603,1914,0.168
742,1356,0.02409,1064,0.681
742,1261,0.02635,1029,0.699
743,1375,0.02279,991,0.716
743,794,0.03893,1908,0.825
743,730,0.04429,1719,0.718
744,829,0.00855,1254,0.572
744,920,0.02334,799,0.558
745,790,0.01852,1314,0.503
745,1140,0.02034,1046,0.522
745,801,0.02126,1226,0.548
746,1441,0.0203,1230,0.593
746,787,0.02486,1327,0.613
747,1465,0.01469,1101,0.8
747,1166,0.01838,1831,0.751
748,784,0.01251,1775,0.99
748,1381,0.01952,1531,1.0
748,963,0.03584,1267,0.974
749,835,0.01466,1374,0.802
749,1081,0.03508,1731,0.757
749,1462,0.03961,1436,0.738
750,1247,0.01529,630,0.816
750,1042,0.02706,1107,0.854
751,1409,0.02291,525,0.17
751,29,0.02524,1977,0.178
752,884,0.00612,1134,0.658
752,959,0.01785,1709,0.64
752,869,0.01972,983,0.631
753,1066,0.02134,1179,0.952
753,830,0.02717,1574,0.96
753,938,0.02722,504,0.931
753,1220,0.02767,1088,0.91
754,844,0.00165,1683,0.67
754,911,0.01207,707,0.664
754,1372,0.02193,756,0.635
755,870,0.02125,1728,0.186
755,1280,0.02152,510,0.223
755,1475,0.02546,1448,0.193
756,1469,0.02441,507,0.01
756,1011,0.03883,1932,0.0
757,450,0.0225,1435,0.401
757,616,0.02925,531,0.431
757,299,0.03349,1039,0.418
758,892,0.01223,1504,0.373
758,1175,0.01903,886,0.37
758,57,0.03007,1751,0.409
759,1095,0.026,1139,0.333
759,539,0.03409,1998,0.247
759,833,0.03515,706,0.229
760,1442,0.0108,1841,0.017
760,1366,0.02348,1056,0.034
760,1277,0.02393,847,0.033
761,1275,0.00998,1292,0.72
762,346,0.02606,733,0.722
762,86,0.04006,1567,0.708
762,1151,0.04545,1505,0.734
763,1114,0.0144,1236,0.788
763,1454,0.01961,1441,0.791
764,773,0.01146,1665,0.523
764,1070,0.01612,675,0.522
764,972,0.02621,948,0.553
765,865,0.01447,1091,0.407
765,1113,0.01563,581,0.389
765,1192,0.02913,634,0.394
766,510,0.03102,1355,0.567
766,1107,0.03381,1700,0.564
767,1196,0.02678,1906,0.607
767,846,0.02866,1766,0.69
768,812,0.01064,1664,0.17
768,839,0.0158,1980,0.171
769,931,0.02026,939,0.146
770,1177,0.02025,1579,0.105
770,1413,0.0229,1196,0.101
770,219,0.02568,918,0.11
770,1260,0.03213,587,0.128
771,1396,0.00372,1155,0.629
771,455,0.0257,1531,0.616
771,318,0.03745,2000,0.655
772,878,0.00546,714,0.146
772,1323,0.01793,1051,0.108
772,1484,0.02031,1002,0.12
773,1070,0.01612,1198,0.52
773,1150,0.02209,744,0.489
774,788,0.02165,808,0.018
774,1398,0.03158,730,0.051
775,1137,0.0013,1906,0.122
775,1431,0.02001,654,0.137
775,1288,0.02764,1698,0.095
776,779,0.02603,1347,0.053
776,1190,0.02684,614,0.069
777,427,0.03134,1913,0.789
777,547,0.03561,810,0.82
777,1223,0.03578,1492,0.845
779,1254,0.00993,799,0.057
779,1053,0.01837,1541,0.041
779,136,0.03025,1283,0.051
780,1370,0.0168,511,0.925
780,1203,0.02202,1927,0.895
780,564,0.02991,731,0.886
780,1308,0.03421,1454,0.879
781,1262,0.02424,1229,0.345
781,1423,0.02482,1801,0.341
781,914,0.0256,1876,0.353
782,1253,0.03493,1517,0.472
782,198,0.03618,1498,0.461
783,567,0.02497,802,0.097
783,100,0.02795,1040,0.155
783,1085,0.03199,969,0.13
783,593,0.03436,1312,0.131
784,1381,0.00816,576,0.99
784,255,0.03511,1519,0.98
785,1439,0.01868,523,0.351
785,1373,0.02263,1538,0.29
786,1478,0.00797,1175,0.223
786,1458,0.01522,1024,0.197
786,1494,0.01842,846,0.222
787,1252,0.02117,671,0.641
788,1009,0.02189,1850,0.007
789,587,0.02774,1211,0.88
789,1231,0.02794,988,0.865
789,81,0.0286,1985,0.91
790,454,0.02968,877,0.489
790,1325,0.03201,1687,0.507
791,938,0.01231,871,0.935
791,963,0.01699,1499,0.962
792,1157,0.00706,1476,0.015
792,1100,0.02797,1947,0.011
792,552,0.03813,1256,0.003
793,1186,0.02575,976,0.962
793,627,0.0277,881,0.947
793,493,0.03124,654,0.951
794,994,0.01472,756,0.939
794,957,0.0209,1173,0.932
795,1395,0.02178,567,0.162
795,1489,0.02383,843,0.184
795,944,0.03403,1800,0.146
795,152,0.03701,1172,0.155
796,860,0.02214,890,0.441
796,992,0.02405,1972,0.411
797,1483,0.01654,758,0.72
797,937,0.03713,806,0.705
798,1165,0.02588,1618,0.621
798,1320,0.03527,1449,0.721
798,18,0.0355,1987,0.707
799,1059,0.01198,1469,0.041
799,1125,0.01748,745,0.034
800,1480,0.02223,1232,0.526
800,1034,0.02801,686,0.524
801,1325,0.02245,1424,0.552
802,894,0.00285,1284,0.08
802,1030,0.0097,1896,0.071
802,1279,0.01988,1929,0.065
803,1032,0.02105,907,0.042
803,1123,0.03127,1648,0.035
804,1134,0.0279,1860,0.242
804,813,0.03304,840,0.195
804,1046,0.03428,1062,0.182
805,924,0.00852,1701,0.159
805,114,0.02308,1150,0.188
805,96,0.02701,1451,0.198
805,40,0.03238,1693,0.239
806,1278,0.02686,1562,0.748
806,828,0.02808,568,0.76
806,1226,0.03375,1759,0.79
807,1445,0.02414,880,0.577
807,1289,0.03294,556,0.561
807,718,0.04321,1800,0.572
808,1062,0.01173,1349,0.056
808,545,0.05283,1622,0.043
808,1172,0.05284,1415,0.056
809,947,0.00363,824,0.805
810,1141,0.01622,960,0.403
810,969,0.03713,678,0.395
810,1206,0.03845,1343,0.371
811,1251,0.01134,1073,0.445
811,1492,0.01845,618,0.421
811,1121,0.04302,1992,0.377
812,839,0.00526,1048,0.16
812,1051,0.01832,1145,0.138
813,1046,0.01282,1978,0.142
813,1146,0.02019,525,0.182
814,1097,0.01469,1531,0.131
814,881,0.0379,1468,0.122
815,1419,0.02463,1032,0.648
815,1301,0.03091,648,0.575
815,1334,0.03646,1548,0.612
816,967,0.01498,1154,0.419
816,1270,0.03002,1444,0.462
816,979,0.03036,1054,0.493
816,905,0.03142,924,0.485
817,1410,0.00605,792,0.124
817,919,0.01007,1708,0.115
817,922,0.01701,1053,0.112
817,927,0.01944,930,0.136
818,846,0.00608,1103,0.771
818,1485,0.02159,816,0.791
819,977,0.00847,897,0.013
819,932,0.013,1847,0.001
819,712,0.03856,1095,0.001
820,1237,0.0287,1045,0.798
820,936,0.03413,575,0.861
821,725,0.02447,1364,0.802
821,1345,0.03015,1415,0.811
822,1068,0.02568,1208,0.091
822,1450,0.04008,985,0.099
823,834,0.01425,1611,0.079
823,33,0.02728,1246,0.102
824,971,0.00306,1755,0.276
824,1280,0.0126,1530,0.275
824,1486,0.02604,1049,0.252
825,1091,0.00308,1475,0.172
825,1354,0.02104,1575,0.2
825,29,0.02398,1441,0.175
825,243,0.02403,1418,0.2
826,1140,0.00889,1919,0.571
826,1376,0.01528,1744,0.625
827,1442,0.01902,1951,0.04
827,1277,0.02376,1666,0.057
827,16,0.02555,862,0.06
828,1448,0.02734,881,0.736
828,343,0.03114,1800,0.676
828,1278,0.03179,770,0.748
829,920,0.02906,1537,0.57
830,938,0.01259,797,0.924
830,791,0.01988,1503,0.964
831,843,0.01046,1987,0.213
831,1484,0.02771,733,0.167
831,297,0.03225,1074,0.239
831,512,0.03371,526,0.188
833,1426,0.02095,1994,0.168
833,1263,0.02694,592,0.166
833,426,0.03257,1116,0.21
834,1239,0.02473,808,0.083
834,33,0.02891,551,0.094
835,1462,0.02585,818,0.714
835,541,0.03698,680,0.808
837,887,0.01117,1643,0.428
837,1052,0.01251,1374,0.406
837,914,0.0147,1566,0.372
837,1262,0.02965,1146,0.365
838,1273,0.00561,1783,0.138
838,945,0.01832,696,0.14
838,1135,0.02974,1144,0.201
839,1051,0.0156,1470,0.139
840,1481,0.01089,754,0.393
840,1312,0.03328,1231,0.451
841,1185,0.02575,835,0.517
841,109,0.02811,1489,0.486
841,1126,0.02904,1399,0.486
842,1497,0.00338,1778,0.099
842,1447,0.02358,1013,0.157
842,867,0.02466,741,0.145
843,512,0.02505,648,0.202
843,1484,0.02601,1822,0.181
844,911,0.01316,1256,0.68
844,1372,0.0231,1119,0.651
845,769,0.02354,952,0.151
845,13,0.02744,1916,0.164
846,1485,0.02463,711,0.806
847,1338,0.01008,1167,0.604
847,1326,0.01598,1093,0.588
847,497,0.02431,630,0.654
848,437,0.02099,1852,0.204
849,1010,0.01064,1111,0.096
849,206,0.02698,755,0.13
849,1368,0.02866,1060,0.081
850,1061,0.01479,562,0.133
852,327,0.02328,1834,0.623
852,269,0.02596,906,0.579
853,1411,0.00884,1301,0.423
853,1232,0.02497,1628,0.415
853,443,0.02515,514,0.446
854,1132,0.02265,758,0.795
854,475,0.02416,1222,0.794
854,747,0.02418,1935,0.794
855,992,0.02673,1782,0.42
855,717,0.03373,1113,0.346
855,623,0.03553,1783,0.367
855,1198,0.03598,1568,0.391
856,1361,0.00185,1312,0.683
856,1437,0.01654,830,0.717
856,1211,0.02458,664,0.758
857,550,0.02577,1716,0.022
858,1023,0.01617,1924,0.059
858,1293,0.01871,1897,0.05
858,517,0.01921,1588,0.059
858,217,0.02699,886,0.066
859,1453,0.01682,1938,0.051
860,294,0.03366,1553,0.471
861,1320,0.00678,1789,0.795
861,1307,0.01302,827,0.828
862,1085,0.00938,1740,0.097
862,1304,0.01482,819,0.066
862,1379,0.01556,898,0.093
863,1402,0.02282,604,0.43
863,1350,0.02385,1195,0.434
863,1207,0.03292,1516,0.469
864,1374,0.02093,829,0.386
864,1271,0.03199,1159,0.314
864,138,0.03812,1570,0.374
864,917,0.04132,1098,0.32
865,1113,0.02602,1320,0.396
865,1088,0.03299,1140,0.409
866,1128,0.01053,813,0.895
866,1007,0.01592,1670,0.915
867,1290,0.00806,961,0.111
867,1497,0.02133,985,0.097
868,1389,0.01517,909,0.756
868,1144,0.03229,526,0.679
868,1490,0.04213,1552,0.746
868,65,0.04247,770,0.779
869,920,0.01848,1185,0.571
869,884,0.02127,1000,0.613
869,959,0.02381,1776,0.595
870,929,0.01534,884,0.114
870,1250,0.03091,559,0.171
871,951,0.02566,1630,0.033
872,1324,0.02888,719,0.625
872,829,0.03916,1964,0.587
873,943,0.01642,1270,0.176
873,876,0.01991,1063,0.179
874,1268,0.02063,1045,0.107
875,94,0.02724,595,0.536
875,1383,0.02728,1488,0.538
875,318,0.0274,1612,0.555
876,943,0.00615,1327,0.18
877,1391,0.00994,730,0.0
877,1039,0.0309,1467,0.017
878,1323,0.01285,774,0.148
878,1484,0.01505,745,0.161
879,1183,0.01703,610,0.083
879,325,0.02527,733,0.073
879,147,0.03101,1801,0.079
880,1098,0.02107,2000,0.869
880,1072,0.02825,916,0.921
880,1243,0.0348,1177,0.895
880,1330,0.04003,1651,0.855
881,1272,0.0095,1760,0.087
881,1427,0.0181,1302,0.071
882,1034,0.01567,1118,0.455
882,1498,0.01655,1651,0.427
882,1078,0.02463,1206,0.378
883,1365,0.01033,1350,0.818
883,492,0.02152,1917,0.861
883,993,0.02251,974,0.829
883,928,0.0235,1154,0.783
884,959,0.02395,894,0.622
885,1003,0.01278,610,0.989
885,1189,0.01866,589,0.99
886,1435,0.0091,1262,0.013
886,1421,0.02671,1803,0.043
886,551,0.0288,1856,0.025
887,1052,0.0065,1747,0.438
887,914,0.02549,1624,0.404
888,1186,0.00882,631,0.946
889,1340,0.014,1536,0.453
889,968,0.02191,956,0.479
889,1087,0.02776,1964,0.414
890,1255,0.0302,597,0.044
891,245,0.01803,1643,0.773
891,1228,0.0206,792,0.788
892,1175,0.02951,1524,0.346
892,714,0.0339,1071,0.412
892,57,0.03512,749,0.385
893,1080,0.01608,1151,0.794
893,1199,0.02473,648,0.765
893,1132,0.03431,1918,0.808
894,1030,0.00735,543,0.093
895,934,0.02171,1567,0.17
896,1384,0.01163,1601,0.891
897,1281,0.01465,1749,0.192
897,1005,0.02356,661,0.195
897,1040,0.02437,752,0.143
898,1379,0.0131,631,0.072
898,1304,0.01325,1971,0.045
898,862,0.02607,973,0.068
899,257,0.02969,1632,0.176
900,1318,0.02539,1205,0.033
901,1308,0.02706,1558,0.857
901,435,0.03267,1990,0.857
902,949,0.01076,774,0.793
904,1252,0.02852,686,0.601
904,705,0.03449,1448,0.603
905,1270,0.00248,742,0.501
905,941,0.02423,763,0.554
906,1266,0.03031,1021,0.482
906,523,0.03227,1462,0.455
907,1277,0.01611,1282,0.053
907,34,0.0205,1610,0.05
907,550,0.02436,1034,0.056
908,1188,0.02255,709,0.621
908,1047,0.02505,545,0.545
908,1002,0.02547,1990,0.537
908,108,0.0376,525,0.635
909,1335,0.0241,1789,0.908
909,961,0.02693,674,0.869
910,1252,0.0132,1834,0.659
910,1371,0.02177,821,0.68
911,1372,0.00997,1658,0.645
912,1029,0.0167,554,0.946
913,1366,0.01916,1679,0.033
914,1262,0.01518,1167,0.34
914,154,0.02227,646,0.321
915,1288,0.00189,1098,0.064
915,270,0.02627,519,0.077
915,775,0.02857,1792,0.109
915,1137,0.02946,832,0.091
916,976,0.02009,1406,0.74
916,844,0.02912,1443,0.713
917,1374,0.02053,1410,0.348
918,1154,0.01586,900,0.366
918,1078,0.01692,1449,0.367
918,1149,0.02008,1829,0.341
919,1410,0.00448,527,0.107
919,922,0.02198,966,0.095
920,959,0.02745,1783,0.58
921,1058,0.00253,1481,0.715
921,1228,0.01408,600,0.728
921,1397,0.01953,1050,0.668
922,1410,0.02072,1301,0.104
923,1055,0.01974,852,0.547
923,416,0.02862,1823,0.534
923,433,0.03715,795,0.571
924,374,0.02911,852,0.098
925,1479,0.01479,1407,0.517
925,968,0.01848,1653,0.541
925,1047,0.02313,1518,0.55
926,989,0.01225,1679,0.036
926,1037,0.03018,1597,0.064
927,1001,0.01296,1865,0.167
928,1211,0.00233,1988,0.764
928,1365,0.01529,1613,0.768
929,1022,0.01901,954,0.064
929,168,0.02825,1211,0.087
930,1446,0.00553,1479,0.386
930,1321,0.01316,1855,0.363
930,1094,0.01489,1238,0.38
930,573,0.0211,1476,0.363
932,977,0.01433,1871,0.012
933,1388,0.00118,732,0.237
933,1429,0.01263,1523,0.227
934,190,0.03224,601,0.148
935,946,0.02009,1452,0.189
936,1074,0.01705,980,0.915
937,1483,0.02065,1737,0.738
937,589,0.02824,607,0.699
937,1110,0.02916,1688,0.768
937,1035,0.0331,1472,0.71
939,1192,0.02738,1203,0.357
940,1494,0.03144,834,0.261
941,1270,0.0228,585,0.531
941,1372,0.02451,1233,0.601
942,76,0.03176,1374,0.179
942,302,0.03944,1947,0.168
943,487,0.02684,863,0.201
943,314,0.02795,559,0.195
944,1013,0.01138,1773,0.082
944,1395,0.01819,1059,0.114
944,1456,0.02513,616,0.107
945,1135,0.01772,1373,0.218
948,1232,0.01409,1414,0.353
948,1439,0.02493,1467,0.366
949,165,0.02595,1498,0.792
950,142,0.03901,543,0.122
950,1174,0.03974,1008,0.163
951,1115,0.02194,1688,0.034
953,1217,0.02176,1891,0.14
954,1075,0.02621,1815,0.897
954,90,0.03813,1348,0.844
955,1214,0.01442,1416,0.542
955,1499,0.01642,1397,0.509
955,233,0.02146,1298,0.475
956,113,0.03404,1375,0.095
956,232,0.03479,785,0.113
956,662,0.03749,1727,0.062
957,994,0.01391,1183,0.954
957,1079,0.02681,1318,0.951
958,1127,0.02246,620,0.261
958,522,0.02282,1444,0.21
960,862,0.05917,1517,0.074
960,1379,0.06021,1711,0.078
960,1304,0.06055,1406,0.051
961,1017,0.01258,512,0.82
963,938,0.02747,1102,0.922
964,1139,0.01022,699,0.163
964,1164,0.01494,1085,0.116
964,1300,0.01654,1979,0.153
965,982,0.02751,947,0.889
965,753,0.02788,1340,0.928
966,982,0.01931,1594,0.891
966,1345,0.03087,1089,0.863
967,1265,0.02348,1653,0.399
967,1126,0.02536,1388,0.422
968,1340,0.01067,542,0.482
968,1479,0.01847,1019,0.484
969,1452,0.03303,1536,0.32
970,1224,0.00826,1224,0.204
971,1280,0.00964,1122,0.259
971,1486,0.02679,1487,0.234
972,1355,0.01549,1302,0.631
972,324,0.01884,1034,0.6
972,1060,0.01924,801,0.566
973,1196,0.01082,1026,0.642
973,404,0.03583,1638,0.616
974,1129,0.01126,959,0.443
974,411,0.03624,1331,0.526
975,1119,0.02121,1004,0.391
975,1111,0.02271,1831,0.38
975,1077,0.02271,1431,0.406
976,577,0.02658,824,0.689
976,4,0.02774,1078,0.738
977,598,0.04356,1260,0.019
978,1335,0.02622,1698,0.939
978,1381,0.02888,1350,1.0
979,1372,0.01443,1695,0.578
979,911,0.02386,1459,0.607
979,941,0.02453,1001,0.562
979,1270,0.02969,833,0.509
980,1343,0.0071,783,0.22
980,1169,0.00943,974,0.227
981,1044,0.01803,1577,0.416
981,146,0.02924,1981,0.386
981,31,0.02925,1943,0.408
983,1480,0.02003,1131,0.48
983,1325,0.02525,1202,0.498
984,1342,0.00743,908,0.473
984,1266,0.04162,1481,0.487
984,1326,0.04394,1827,0.485
985,1390,0.02842,1058,0.03
985,1123,0.03945,721,0.013
986,1298,0.02145,657,0.296
986,8,0.03188,847,0.293
987,1104,0.03061,1682,0.419
987,1225,0.03839,1388,0.335
988,1038,0.02977,1421,0.383
988,1158,0.03833,1758,0.465
989,1037,0.02945,1161,0.051
989,1116,0.03188,904,0.011
990,1495,0.00734,1780,0.243
990,606,0.0238,1176,0.183
991,1025,0.00173,1088,0.678
991,1256,0.02918,1057,0.663
991,715,0.03281,1404,0.678
991,688,0.03435,1570,0.672
992,648,0.0416,1736,0.458
993,1138,0.01847,978,0.801
995,1403,0.00866,986,0.14
995,874,0.02242,1065,0.141
996,1124,0.02331,1865,0.194
996,1083,0.02559,1023,0.22
996,1227,0.03,1203,0.269
997,1446,0.01988,1529,0.404
997,930,0.02508,1320,0.399
997,622,0.03221,1667,0.466
998,1369,0.00906,1357,0.0
998,1011,0.0259,1784,0.0
998,1469,0.0269,1084,0.01
999,1303,0.01185,1185,0.245
1000,1019,0.03661,731,0.8
1000,1283,0.04492,769,0.794
1002,1306,0.0312,1439,0.456
1002,1047,0.03674,1970,0.518
1003,1189,0.02192,1373,0.979
1003,1079,0.02789,1745,0.966
1004,1279,0.01739,551,0.089
1004,1493,0.02201,615,0.07
1004,1272,0.02324,1037,0.092
1004,1030,0.02512,1040,0.095
1005,1040,0.00693,1542,0.177
1005,1281,0.01952,1314,0.227
1006,1241,0.0388,1915,0.035
1006,1109,0.04296,1290,0.057
1007,1128,0.02445,1117,0.875
1007,1496,0.02496,918,0.887
1008,1462,0.02369,808,0.639
1009,774,0.03748,1363,0.026
1010,1431,0.02505,685,0.114
1010,179,0.02776,760,0.125
1011,1469,0.01827,1796,0.01
1012,613,0.02544,659,0.84
1013,1456,0.01453,1369,0.09
1013,1395,0.0191,1261,0.097
1014,1405,0.01638,723,0.292
1014,1088,0.0254,1779,0.365
1015,500,0.02678,679,0.097
1015,931,0.02897,519,0.127
1016,1242,0.00907,1131,0.487
1016,1082,0.01022,1991,0.532
1018,416,0.03672,1733,0.512
1019,1033,0.02515,557,0.766
1019,1283,0.03086,1616,0.785
1019,777,0.03902,1744,0.807
1020,675,0.02396,1222,0.375
1020,1127,0.03026,1755,0.349
1020,93,0.03393,1887,0.409
1021,1179,0.02934,1114,0.414
1021,1024,0.0387,1061,0.337
1021,1219,0.0433,873,0.423
1021,637,0.044,1121,0.432
1023,1293,0.02555,1979,0.042
1024,1452,0.03429,587,0.272
1025,1256,0.0276,1543,0.647
1025,715,0.0311,1513,0.662
1026,476,0.03272,513,0.114
1026,1382,0.03379,632,0.066
1027,1482,0.03281,1557,0.18
1027,168,0.03507,1391,0.168
1027,805,0.03515,1731,0.218
1028,1229,0.02842,1722,0.77
1028,1344,0.03147,1091,0.724
1028,417,0.03678,1082,0.728
1030,1493,0.01311,1678,0.06
1030,1279,0.01881,1601,0.079
1031,1386,0.0007,1695,0.583
1031,625,0.02437,788,0.627
1031,856,0.02565,1512,0.672
1032,425,0.03934,1378,0.03
1032,218,0.04122,1943,0.017
1033,467,0.03269,506,0.695
1034,1498,0.02174,1683,0.467
1035,1355,0.01645,739,0.69
1035,1138,0.01858,1946,0.736
1036,1056,0.02623,1035,0.206
1036,1069,0.02629,569,0.247
1036,372,0.03493,715,0.267
1037,1116,0.02965,1627,0.04
1039,1391,0.02147,1577,0.017
1039,1318,0.02189,1305,0.017
1040,1281,0.02431,829,0.174
1041,1378,0.02002,1347,0.76
1041,1311,0.03012,1726,0.689
1041,1330,0.03024,1811,0.767
1042,1296,0.02627,544,0.883
1042,1473,0.02721,1328,0.851
1045,1276,0.03669,697,0.057
1045,1463,0.03717,1739,0.058
1045,222,0.04098,1832,0.036
1046,1146,0.00749,1395,0.169
1046,769,0.0224,1958,0.139
1047,1479,0.01931,831,0.493
1047,1188,0.01956,1195,0.602
1048,1292,0.01282,526,0.858
1048,401,0.0279,1689,0.856
1048,1465,0.02948,817,0.822
1049,1044,0.02876,1797,0.521
1049,528,0.0313,1906,0.648
1049,1327,0.03664,864,0.623
1050,831,0.03632,1626,0.198
1050,398,0.03634,1459,0.182
1051,768,0.0275,872,0.149
1052,914,0.02455,744,0.381
1053,1254,0.01657,1692,0.039
1054,1225,0.01835,1941,0.287
1054,638,0.035,1879,0.257
1054,458,0.03922,977,0.328
1055,700,0.04332,624,0.641
1056,476,0.02226,1036,0.162
1056,101,0.02305,1205,0.152
1057,1406,0.01624,1925,0.22
1057,1063,0.02402,1030,0.25
1057,87,0.02406,1285,0.231
1058,1228,0.01155,753,0.75
1058,241,0.01877,620,0.776
1059,95,0.01766,1555,0.06
1060,625,0.02472,1160,0.59
1061,733,0.01479,1560,0.149
1061,1249,0.017,1865,0.136
1061,614,0.01884,1536,0.124
1062,724,0.04237,1706,0.053
1062,1172,0.04239,1788,0.067
1064,1436,0.01333,587,0.268
1064,1131,0.0191,1985,0.302
1065,1210,0.01097,545,0.331
1065,1198,0.01501,1915,0.35
1065,1380,0.01567,1642,0.334
1065,281,0.02593,1432,0.304
1066,1296,0.01024,1970,0.918
1066,1220,0.01553,1244,0.896
1067,652,0.02186,1466,0.202
1068,1023,0.02641,1262,0.075
1069,1086,0.01277,1261,0.231
1069,1056,0.03595,1293,0.222
1069,578,0.03667,1243,0.211
1070,1150,0.03533,1569,0.488
1071,1107,0.01903,1057,0.623
1071,1334,0.02838,1025,0.625
1072,1074,0.02397,1096,0.947
1072,1189,0.03396,1339,0.972
1072,201,0.03442,502,0.936
1073,1168,0.01166,1551,0.774
1073,291,0.04423,1904,0.806
1074,175,0.02962,656,0.885
1075,351,0.03937,1354,0.865
1075,1195,0.03995,1010,0.901
1076,1491,0.01137,1856,0.306
1076,723,0.02287,1186,0.296
1077,1111,0.00457,1637,0.395
1077,1119,0.02167,1912,0.405
1078,1154,0.02826,1773,0.339
1079,994,0.02357,1070,0.958
1079,676,0.02633,1214,0.918
1080,1199,0.01684,1838,0.756
1080,1202,0.03007,738,0.765
1080,681,0.03012,1757,0.798
1081,1440,0.02485,802,0.703
1081,654,0.02959,1106,0.71
1082,1242,0.00881,1490,0.493
1082,394,0.03315,833,0.575
1083,216,0.02976,612,0.22
1083,1057,0.03277,861,0.225
1084,1348,0.01331,1300,0.681
1084,510,0.03495,596,0.659
1084,1071,0.03572,515,0.675
1085,1304,0.02179,1055,0.073
1086,578,0.02994,875,0.177
1086,1447,0.03079,1241,0.182
1086,1036,0.03726,889,0.215
1087,687,0.03922,1119,0.374
1087,1340,0.04044,1740,0.418
1088,92,0.02734,1922,0.363
1088,22,0.02839,1783,0.358
1088,1405,0.03202,1323,0.33
1089,1110,0.02962,819,0.832
1089,390,0.03007,695,0.818
1089,366,0.03077,917,0.916
1090,1245,0.02168,1998,0.956
1090,246,0.03717,1106,0.963
1091,1354,0.01891,1067,0.207
1092,1257,0.02912,1043,0.338
1092,1175,0.03028,730,0.319
1093,99,0.02105,1383,0.036
1094,138,0.01796,1020,0.384
1095,572,0.02935,1202,0.432
1095,1212,0.02982,1723,0.424
1096,1029,0.02481,1345,0.88
1097,1169,0.02985,1172,0.163
1098,1330,0.01963,520,0.845
1098,1243,0.02307,1834,0.885
1098,1378,0.02733,1087,0.837
1099,1496,0.01725,1397,0.877
1099,1424,0.02793,1957,0.853
1099,1007,0.03383,870,0.885
1099,1226,0.03492,577,0.847
1100,1157,0.02623,1808,0.021
1100,1369,0.03782,1147,0.009
1101,1449,0.0052,639,0.452
1101,1414,0.01425,1052,0.451
1101,1233,0.02753,1497,0.461
1102,683,0.02572,781,0.171
1102,1067,0.03459,1781,0.184
1102,315,0.03505,1883,0.206
1103,1499,0.01646,939,0.519
1103,1240,0.01923,769,0.464
1104,1212,0.01109,1657,0.455
1104,1214,0.0312,1245,0.519
1105,1352,0.01635,603,0.179
1105,1221,0.02982,1265,0.17
1107,1334,0.01614,594,0.606
1107,1301,0.02545,1228,0.569
1108,1262,0.02511,979,0.308
1108,914,0.0327,1279,0.317
1109,498,0.05073,1764,0.028
1111,1119,0.01773,512,0.38
1112,1346,0.00529,1670,0.059
1112,1258,0.0105,1100,0.028
1113,348,0.02128,594,0.306
1113,1192,0.02389,792,0.383
1114,1454,0.00804,524,0.805
1114,208,0.02903,1795,0.784
1115,1170,0.02422,1689,0.045
1115,898,0.03599,1438,0.042
1117,1202,0.01564,1261,0.78
1117,110,0.02692,1610,0.823
1117,571,0.02932,1153,0.803
1117,329,0.03135,1484,0.833
1118,680,0.03231,1137,0.074
1118,615,0.04466,990,0.071
1119,1363,0.01742,1664,0.357
1120,951,0.03359,1626,0.05
1120,871,0.03461,1749,0.053
1121,1251,0.04047,1074,0.38
1122,568,0.02668,793,0.372
1123,1390,0.01837,1395,0.017
1124,1227,0.03052,1829,0.268
1126,1265,0.00766,1777,0.429
1126,1185,0.0235,1703,0.484
1126,723,0.02503,539,0.384
1129,411,0.04001,1275,0.485
1130,1468,0.01937,1019,0.483
1131,1436,0.02393,1045,0.286
1131,1191,0.02711,735,0.25
1132,1292,0.0222,962,0.839
1133,1166,0.02009,1751,0.73
1133,323,0.02361,982,0.76
1133,699,0.02578,929,0.734
1134,556,0.02813,1545,0.223
1134,1364,0.02974,842,0.269
1135,1167,0.01028,1563,0.295
1135,338,0.01546,1696,0.244
1136,1415,0.01225,1962,0.837
1136,529,0.02592,1702,0.814
1136,891,0.03019,632,0.828
1137,1431,0.01903,850,0.119
1137,179,0.0272,1005,0.131
1139,1300,0.01721,583,0.192
1140,1376,0.01755,1492,0.574
1141,1206,0.02235,1987,0.334
1141,969,0.04062,1329,0.358
1141,1408,0.04269,1360,0.272
1142,1353,0.02278,842,0.49
1142,1416,0.02468,1803,0.478
1144,1438,0.01772,1365,0.607
1144,1389,0.03877,1786,0.695
1144,86,0.04275,1689,0.639
1145,1332,0.01493,792,0.661
1145,1161,0.02883,1749,0.696
1147,536,0.03799,1693,0.142
1147,145,0.03881,1097,0.153
1147,257,0.0439,1144,0.179
1147,167,0.05228,947,0.176
1148,1428,0.00284,1189,0.491
1149,1154,0.00862,1501,0.312
1150,1468,0.02489,1354,0.482
1151,1278,0.01162,1001,0.725
1151,1448,0.02863,1263,0.714
1151,153,0.02969,1234,0.746
1152,1217,0.03033,1902,0.154
1152,1191,0.03718,1724,0.155
1153,1398,0.01497,749,0.052
1155,275,0.02546,1932,0.779
1155,1243,0.02627,1100,0.836
1156,1404,0.02314,624,0.926
1156,1384,0.02371,612,0.919
1157,552,0.04246,1480,0.013
1158,454,0.02135,1660,0.493
1158,481,0.02985,649,0.471
1159,959,0.03034,1374,0.632
1159,369,0.03822,842,0.665
1159,283,0.03969,1079,0.639
1160,1236,0.00832,1282,0.097
1160,1477,0.0236,820,0.104
1160,128,0.03375,1321,0.102
1160,501,0.03915,1031,0.112
1161,1332,0.01407,1812,0.717
1161,376,0.03231,991,0.802
1162,1276,0.01721,1111,0.041
1162,1284,0.03286,751,0.027
1163,1305,0.01828,1600,0.005
1163,1488,0.02034,1915,0.002
1163,188,0.03212,1935,0.007
1164,1300,0.00755,672,0.145
1164,1139,0.01993,1374,0.154
1165,746,0.03328,700,0.601
1166,640,0.02141,716,0.706
1167,945,0.02337,875,0.234
1169,1343,0.00627,510,0.207
1169,386,0.0226,1535,0.255
1169,338,0.02293,1391,0.212
1170,1472,0.03247,934,0.083
1170,1413,0.03306,1317,0.077
1171,1224,0.02568,1896,0.204
1171,970,0.02982,1796,0.204
1172,1477,0.03327,1430,0.075
1173,1084,0.0369,1190,0.744
1174,14,0.03634,1655,0.152
1175,1257,0.01618,1354,0.362
1176,714,0.02717,1283,0.484
1177,1413,0.02563,818,0.105
1177,599,0.02739,1343,0.136
1178,1011,0.03718,1120,0.026
1178,579,0.04817,1284,0.026
1179,1219,0.01413,1691,0.418
1179,24,0.04458,896,0.43
1179,1373,0.04459,1703,0.357
1180,1451,0.01291,1581,0.043
1180,1209,0.03911,959,0.066
1180,1346,0.0421,560,0.054
1180,1341,0.04304,868,0.066
1181,1298,0.02594,1644,0.354
1181,851,0.02621,1218,0.351
1181,1286,0.02813,1045,0.402
1181,51,0.02971,1540,0.372
1183,147,0.03662,995,0.091
1183,395,0.04101,996,0.076
1184,1460,0.02436,1004,0.674
1186,19,0.01314,1468,0.986
1187,510,0.03287,1838,0.576
1187,1348,0.03677,1592,0.598
1188,353,0.02634,660,0.667
1190,1328,0.00722,1217,0.083
1190,1444,0.02461,1668,0.115
1191,1436,0.0267,1492,0.215
1191,1064,0.03488,1908,0.231
1192,348,0.03025,768,0.31
1193,172,0.03107,1977,0.552
1194,1317,0.02325,1198,0.512
1195,1485,0.00709,1364,0.859
1195,818,0.02867,849,0.824
1195,846,0.03164,609,0.839
1197,121,0.03468,906,0.208
1198,1210,0.00595,1149,0.353
1198,1380,0.01901,550,0.355
1199,854,0.02941,1926,0.752
1200,847,0.02716,1999,0.668
1200,497,0.02846,1610,0.668
1200,1338,0.0304,1591,0.618
1201,1362,0.01428,1095,0.803
1201,1459,0.01542,1478,0.782
1201,1282,0.0173,1565,0.815
1201,9,0.02996,1230,0.794
1202,571,0.04006,556,0.768
1202,893,0.04126,1237,0.774
1203,1370,0.00757,695,0.94
1203,564,0.04264,1585,0.901
1203,1195,0.052,1786,0.901
1204,537,0.02623,611,0.057
1204,850,0.03092,1264,0.081
1204,499,0.03864,1210,0.101
1205,1260,0.00745,1701,0.151
1206,1408,0.02038,1447,0.24
1207,1350,0.01987,525,0.486
1207,1402,0.0208,909,0.482
1207,237,0.03651,1257,0.461
1208,1233,0.01094,1030,0.469
1208,1487,0.0138,1840,0.459
1208,1326,0.01964,1629,0.506
1208,1338,0.02519,1248,0.522
1209,1341,0.01853,1987,0.1
1209,1322,0.03282,745,0.125
1209,1409,0.03793,1604,0.135
1210,1380,0.02006,1161,0.337
1210,717,0.02142,1408,0.307
1211,1365,0.01762,895,0.799
1212,1240,0.02665,1021,0.427
1212,1214,0.02734,1425,0.515
1213,1382,0.01825,763,0.035
1213,827,0.03423,1289,0.052
1215,841,0.03826,1797,0.574
1215,704,0.04513,671,0.623
1215,1248,0.04658,764,0.629
1216,691,0.03361,1549,0.09
1216,70,0.0425,1992,0.09
1216,1143,0.04472,975,0.085
1216,77,0.04638,855,0.059
1218,221,0.03228,1549,0.704
1218,1201,0.03785,533,0.775
1218,1362,0.0395,763,0.776
1218,413,0.03971,1661,0.73
1219,1373,0.03758,1315,0.365
1219,1227,0.04182,1374,0.385
1220,1296,0.02157,1253,0.875
1221,1267,0.02404,1065,0.186
1221,1458,0.02487,961,0.173
1221,1352,0.02775,1691,0.177
1222,1459,0.01782,1154,0.78
1222,1201,0.03207,580,0.8
1223,1245,0.02781,1256,0.901
1223,547,0.0339,1369,0.841
1224,1322,0.01998,1930,0.177
1225,638,0.03472,1569,0.258
1226,1424,0.01297,1098,0.827
1226,1422,0.02177,1306,0.817
1227,1373,0.00806,1576,0.324
1227,785,0.02946,1483,0.31
1229,1344,0.00469,1203,0.782
1229,1314,0.01496,975,0.821
1229,1443,0.01957,1091,0.809
1230,832,0.02894,515,0.024
1230,124,0.04073,1883,0.009
1230,183,0.04115,986,0.0
1231,587,0.03124,1205,0.905
1232,1411,0.02488,1664,0.407
1232,1439,0.0332,1119,0.412
1233,1487,0.01788,1518,0.437
1233,1326,0.02842,1276,0.484
1234,715,0.03443,946,0.714
1235,1263,0.01827,789,0.21
1236,1477,0.02987,708,0.076
1236,132,0.0371,1998,0.126
1236,128,0.03735,912,0.075
1237,1155,0.02632,1176,0.768
1237,175,0.03312,1950,0.808
1238,1239,0.00691,1894,0.112
1240,1499,0.01537,1163,0.458
1242,394,0.03371,789,0.528
1243,1330,0.01999,1955,0.871
1244,1422,0.02159,1791,0.852
1246,1464,0.01006,650,0.705
1246,1419,0.01484,1778,0.696
1246,1327,0.03051,1876,0.68
1247,1473,0.01676,1900,0.812
1248,1176,0.03622,1354,0.561
1250,929,0.03884,1881,0.101
1251,1492,0.02924,1107,0.424
1251,27,0.04197,869,0.46
1253,1064,0.0303,1750,0.35
1253,262,0.03342,1204,0.465
1258,1346,0.01572,1826,0.045
1259,1194,0.03867,1325,0.502
1260,554,0.01977,1504,0.175
1260,252,0.02924,1912,0.212
1261,1434,0.01782,876,0.713
1264,235,0.02814,1472,0.003
1264,5,0.03027,617,0.005
1264,1106,0.03618,1528,0.005
1264,156,0.03885,943,0.002
1265,471,0.02543,1875,0.435
1267,1458,0.01484,1254,0.192
1267,445,0.02661,1139,0.199
1267,1076,0.02711,623,0.242
1268,459,0.02329,1157,0.102
1269,1349,0.02095,1800,0.255
1269,1105,0.03599,1321,0.225
1269,194,0.03802,1917,0.263
1271,474,0.03232,1163,0.242
1271,522,0.04012,859,0.214
1272,1279,0.01752,1122,0.076
1272,1427,0.02259,1992,0.064
1273,945,0.02236,1580,0.155
1273,1135,0.03517,1774,0.216
1274,1101,0.02853,1418,0.517
1274,1233,0.02912,1673,0.503
1274,1449,0.03372,951,0.494
1276,1284,0.01906,1685,0.029
1277,1442,0.01471,619,0.017
1277,1366,0.01472,1081,0.034
1278,1448,0.02377,1874,0.724
1282,1362,0.00905,598,0.816
1282,1459,0.02118,1690,0.795
1283,1033,0.03825,1013,0.761
1283,334,0.046,1163,0.701
1284,1400,0.02395,900,0.035
1285,1417,0.01526,864,0.688
1285,1311,0.02897,1849,0.698
1286,851,0.03124,1080,0.367
1286,710,0.03126,1120,0.376
1287,729,0.02112,1327,0.264
1287,1405,0.02131,746,0.261
1287,1329,0.02195,933,0.246
1287,1457,0.02264,1616,0.249
1288,1137,0.02859,1791,0.077
1289,174,0.02765,1114,0.579
1289,180,0.03069,1442,0.636
1290,200,0.02419,1462,0.064
1291,1128,0.02376,1123,0.842
1291,48,0.02935,820,0.847
1293,1313,0.01806,1355,0.046
1294,1306,0.02739,561,0.393
1294,381,0.0307,799,0.415
1295,1444,0.03393,902,0.123
1295,210,0.03412,1454,0.144
1296,753,0.03076,1826,0.931
1297,1450,0.01792,752,0.126
1297,377,0.01902,977,0.146
1297,1238,0.01948,1892,0.134
1298,1364,0.02783,659,0.304
1299,1320,0.03162,1460,0.833
1299,861,0.03789,1689,0.831
1301,1334,0.01024,704,0.572
1301,483,0.03599,1790,0.551
1302,1258,0.03919,1661,0.028
1302,228,0.04393,1891,0.037
1302,1112,0.0441,1966,0.042
1304,1379,0.00089,1357,0.07
1305,1488,0.00761,1259,0.004
1305,1359,0.02123,1220,0.01
1307,1320,0.01855,1540,0.83
1309,1108,0.0345,567,0.282
1309,453,0.03807,632,0.366
1309,570,0.03889,1418,0.371
1310,1400,0.01644,929,0.079
1310,776,0.03121,807,0.075
1311,452,0.02126,1149,0.712
1312,1474,0.03217,1697,0.539
1314,1344,0.01667,911,0.775
1314,1443,0.02541,596,0.803
1314,417,0.03161,1677,0.779
1316,437,0.02364,1765,0.178
1316,1429,0.03272,1827,0.192
1316,848,0.03835,1808,0.173
1319,1477,0.03082,1550,0.049
1321,1446,0.01499,1925,0.368
1321,573,0.02117,1883,0.345
1322,409,0.02571,1583,0.162
1322,970,0.02782,701,0.177
1322,751,0.02936,1261,0.161
1323,1484,0.01056,1373,0.122
1323,1347,0.0198,1080,0.112
1324,991,0.03587,869,0.677
1324,1025,0.03718,1032,0.661
1325,1480,0.02706,1675,0.514
1326,1338,0.00608,1625,0.538
1327,1464,0.02685,1398,0.674
1328,1444,0.0184,1106,0.108
1328,574,0.03307,1969,0.049
1329,1457,0.01355,1372,0.231
1329,1331,0.0208,1752,0.234
1330,1378,0.01024,1648,0.823
1332,455,0.03235,1269,0.627
1333,273,0.03047,1333,0.098
1333,731,0.03064,1498,0.074
1334,483,0.02692,1437,0.589
1335,456,0.02513,735,0.912
1336,1467,0.03213,661,0.24
1337,1430,0.02396,1053,0.19
1337,1377,0.02745,1287,0.168
1337,1001,0.04112,1876,0.189
1337,52,0.04188,1591,0.174
1339,1427,0.01387,1696,0.093
1339,227,0.02324,1058,0.091
1340,1103,0.02603,760,0.491
1340,925,0.02678,716,0.515
1341,1409,0.02278,1647,0.134
1341,1322,0.03853,1304,0.124
1341,751,0.0394,1685,0.135
1342,1266,0.04302,700,0.51
1342,41,0.0447,1977,0.578
1342,1326,0.04631,901,0.509
1343,338,0.02003,1985,0.205
1344,1443,0.01496,774,0.764
1345,424,0.02874,705,0.789
1345,396,0.0299,1563,0.829
1347,1484,0.02807,1796,0.124
1348,1071,0.03279,1366,0.647
1349,1352,0.03445,592,0.21
1350,1402,0.0013,1565,0.447
1351,717,0.0192,1988,0.265
1353,1416,0.02336,878,0.466
1353,444,0.03055,1630,0.462
1353,1077,0.03231,1851,0.45
1354,1357,0.01745,564,0.176
1355,324,0.02526,864,0.651
1357,320,0.0291,1320,0.11
1357,601,0.0316,1547,0.127
1358,1092,0.03651,1039,0.254
1358,485,0.04114,1585,0.232
1359,1488,0.0146,990,0.006
1360,734,0.02782,1796,0.057
1361,1437,0.01834,728,0.68
1361,1211,0.02417,1543,0.721
1362,1459,0.02462,502,0.784
1362,613,0.0287,1944,0.841
1363,975,0.02414,1410,0.358
1363,1111,0.03373,806,0.347
1367,25,0.02868,931,0.032
1368,239,0.0307,635,0.082
1369,1469,0.03482,1014,0.01
1369,1011,0.0349,692,0.0
1370,564,0.03508,1938,0.931
1370,1308,0.04534,1372,0.924
1371,705,0.03057,1641,0.684
1371,1252,0.03188,1165,0.682
1373,996,0.03397,708,0.249
1373,10,0.03438,1451,0.278
1374,138,0.019,1557,0.401
1374,502,0.02328,1148,0.351
1375,180,0.03084,1841,0.697
1376,1434,0.02392,619,0.663
1377,927,0.03829,1126,0.146
1377,52,0.04239,1024,0.158
1382,288,0.03386,1268,0.092
1385,999,0.02059,1612,0.323
1385,74,0.02507,1011,0.306
1385,1303,0.02942,546,0.297
1386,856,0.0262,1271,0.63
1387,866,0.02066,1239,0.937
1387,431,0.02357,1021,0.877
1387,48,0.02442,1807,0.903
1388,1429,0.01232,1900,0.246
1389,1490,0.02697,633,0.762
1390,597,0.02821,747,0.035
1392,6,0.03652,1841,0.161
1392,340,0.04002,935,0.239
1393,1399,0.02165,1699,0.049
1394,598,0.03405,1185,0.022
1394,1401,0.03553,1085,0.015
1394,511,0.03599,850,0.015
1395,1489,0.01352,642,0.152
1396,1448,0.03811,1466,0.654
1397,1432,0.01348,1303,0.673
1397,1058,0.02199,1921,0.69
1397,245,0.03247,1217,0.688
1400,776,0.03562,1142,0.051
1401,1421,0.0269,1892,0.043
1403,459,0.02246,1000,0.112
1403,874,0.02474,869,0.116
1403,1268,0.02525,1905,0.106
1404,957,0.02854,1609,0.928
1404,313,0.03249,1286,0.908
1404,304,0.03852,1238,0.917
1407,916,0.02925,1983,0.766
1407,735,0.03323,1449,0.824
1407,326,0.03405,1848,0.778
1408,478,0.0402,1021,0.243
1409,601,0.03589,988,0.153
1409,320,0.03665,896,0.136
1410,75,0.02097,1395,0.106
1412,1440,0.01211,854,0.688
1412,697,0.02454,1446,0.688
1412,1081,0.03141,787,0.672
1413,898,0.02647,1982,0.074
1413,219,0.02663,1497,0.11
1414,1449,0.00909,1035,0.427
1414,1233,0.03511,1814,0.436
1415,1384,0.02615,1350,0.863
1415,891,0.03184,1337,0.823
1416,380,0.04027,667,0.443
1416,1498,0.04405,1449,0.446
1417,226,0.02949,1120,0.692
1417,1474,0.03154,927,0.619
1417,1462,0.03214,989,0.651
1418,1469,0.04111,854,0.01
1418,1369,0.04326,695,0.0
1419,1464,0.02251,1044,0.69
1420,532,0.03337,1216,0.907
1421,1435,0.02474,1323,0.055
1422,1424,0.01313,1431,0.823
1422,260,0.02923,1502,0.877
1423,340,0.03032,1158,0.3
1423,1262,0.03249,1438,0.328
1424,1244,0.02981,1279,0.861
1425,292,0.02323,510,0.498
1425,1411,0.02884,1779,0.454
1426,1056,0.02534,895,0.163
1429,437,0.02183,1230,0.222
1429,711,0.02745,908,0.262
1430,1108,0.03739,861,0.24
1430,268,0.03908,1782,0.186
1432,921,0.03297,1526,0.698
1432,1058,0.0354,583,0.72
1432,181,0.0407,655,0.678
1438,86,0.02622,1699,0.629
1438,346,0.03905,1206,0.643
1438,875,0.03921,971,0.53
1439,543,0.02935,1118,0.366
1440,697,0.02671,1947,0.718
1440,514,0.02894,633,0.68
1441,787,0.02639,1287,0.601
1443,1128,0.0235,1406,0.824
1445,1460,0.02022,1363,0.614
1446,1094,0.02017,1903,0.385
1447,1497,0.02252,1166,0.109
1447,867,0.02348,776,0.155
1448,343,0.03261,1759,0.653
1449,1233,0.03015,1381,0.438
1450,1238,0.02512,512,0.12
1450,1239,0.02883,841,0.104
1451,1341,0.04025,534,0.076
1451,1209,0.04212,1058,0.077
1451,1346,0.04855,1737,0.066
1453,70,0.02777,1935,0.089
1455,450,0.0337,904,0.423
1455,616,0.03434,1157,0.454
1456,1395,0.02269,658,0.122
1458,1478,0.01851,1455,0.205
1458,445,0.02093,1633,0.185
1461,647,0.02461,1048,0.193
1461,946,0.02796,1484,0.188
1462,1474,0.03103,1870,0.618
1463,1162,0.03435,778,0.042
1465,1166,0.02876,978,0.742
1467,252,0.02504,610,0.239
1470,144,0.02377,930,0.282
1470,348,0.03092,1041,0.266
1471,1460,0.02879,1638,0.557
1471,1445,0.04126,1613,0.553
1472,599,0.02911,1735,0.138
1472,1413,0.03097,859,0.107
1475,495,0.0282,871,0.226
1475,168,0.02869,1738,0.164
1476,414,0.02505,1538,0.847
1476,883,0.02711,1454,0.853
1476,603,0.03483,758,0.917
1476,1365,0.03526,1277,0.838
1478,1494,0.01057,1986,0.23
1481,69,0.02882,619,0.413
1482,1022,0.02194,1475,0.118
1482,671,0.02853,1412,0.147
1483,231,0.02853,1651,0.674
1483,1110,0.03167,1222,0.783
1486,1280,0.02859,1022,0.234
1487,1326,0.03081,824,0.474
1489,152,0.02308,1843,0.146
1489,1456,0.02587,1573,0.145
1492,1350,0.02669,568,0.426
1492,1402,0.027,890,0.422
1493,894,0.02024,882,0.069
1493,802,0.02278,515,0.046
1496,393,0.03098,1962,0.915
1496,1387,0.03678,1345,0.909
1497,1290,0.02496,1368,0.065
1498,300,0.03331,1067,0.516
507,1489,0.04505,631,0.182
